variant,scenario_id,category,tool,e2e_ms,error,raw_response
L0_baseline,201,Decision Support Query,analyze_image,17506.14,,"The casting image shows the back face of a submersible pump impeller viewed from the top. Here’s the inspection:

1. **Through-Hole Bore**: The dark area in the center is the normal through-hole bore. This is not a defect.
2. **Concentric Circular Machining Marks**: These are normal post-processing artifacts and not cracks or scratches.
3. **Outer Rim Condition**:
   - **No Burrs/Flash**: The outer rim appears smooth with no jagged edges or excess material.
   - **No Chipping/Material Loss**: The outer rim looks intact without any missing chunks.
   - **No Irregular Outer Profile**: The outline of the outer rim is circular and uniform.
   - **No Surface Cracks/Pitting**: The cast face does not show any visible cracks or pitting.

**Conclusion**: Based on the visible features, there are no casting defects present on the outer rim. The part appears to be free of burrs, chipping, irregular profiles, or surface cracks/pitting. Therefore, this part is acceptable for use."
L0_baseline,202,Decision Support Query,analyze_image,4901.34,,"The surface finish appears smooth with some concentric circular machining marks visible around the outer rim, which are normal post-processing artifacts. There are no visible burrs, chipping, irregularities in the outer profile, or surface cracks/pitting on the cast face. The dark area in the center is a normal through-hole bore and does not indicate any defects.

This part passes quality inspection based on the provided criteria."
L0_baseline,203,Decision Support Query,analyze_image,16852.43,,"The casting image shows the back face of a submersible pump impeller viewed from the top. Here’s the inspection:

1. **Through-Hole Bore**: The dark area in the center is the normal through-hole bore. There are no signs of overheating, voids, corrosion, wear, or material loss in this area.

2. **Machining Marks**: The concentric circular marks on the flat ring are normal post-processing artifacts and not cracks or scratches.

3. **Outer Rim Inspection**:
   - **Burr/Flash**: There appears to be some excess material or burrs along the outer edge of the impeller, particularly noticeable at the 9-10 o'clock position.
   - **Chipping/Material Loss**: There are no visible chunks missing along the rim.
   - **Irregular Outer Profile**: The outer rim does not appear to have an irregular profile; it seems to maintain a circular shape.
   - **Surface Cracks/Pitting**: There are no visible surface cracks or pitting on the cast face.

Based on the above observations, the part has a minor defect in the form of burrs/flash at the 9-10 o'clock position. This is a common issue during casting and can usually be machined off without affecting the overall functionality of the impeller.

**Conclusion**: The part is acceptable for use with the noted defect being minor and likely removable by machining."
L0_baseline,204,Decision Support Query,analyze_image,22991.35,,"Upon examining the provided image of the cast submersible pump impeller, here are the observations:

1. **Through-Hole Bore**: The dark area in the center is a normal feature and not a defect. It is a through-hole bore, which is expected and not indicative of overheating, voids, corrosion, wear, or material loss.

2. **Concentric Circular Machining Marks**: The concentric circular marks on the flat ring are normal post-processing artifacts and not cracks or scratches.

3. **Outer Rim Inspection**:
   - **Burr/Flash**: There appears to be some excess material or burrs along the outer edge of the impeller, particularly noticeable at the 9-10 o'clock position. This is likely due to material escaping the mold parting line during casting.
   - **Chipping/Material Loss**: There are no visible missing chunks or irregularities along the rim that would indicate chipping or material loss.
   - **Irregular Outer Profile**: The outer rim does not appear to have an oval or dented shape; however, there is a slight irregularity at the 9-10 o'clock position where the burr/flash is present.
   - **Surface Cracks/Pitting**: There are no visible surface cracks or pitting on the cast face.

**Recommendation**:
Given the presence of burrs/flash at the 9-10 o'clock position, which is a common casting defect, I would recommend rejecting this part. While the through-hole bore and concentric circular marks are normal, the burrs could potentially affect the impeller's performance and durability if the"
L0_baseline,205,Decision Support Query,analyze_image,20130.63,,"The provided image shows the back face of a cast submersible pump impeller viewed from the top. Here’s the evaluation based on the visible features:

1. **Through-Hole Bore**: The dark area in the center is a normal through-hole bore. There are no signs of overheating, voids, corrosion, wear, or material loss in this area.

2. **Concentric Circular Machining Marks**: The concentric circular marks on the flat ring are normal post-processing artifacts and not cracks or scratches.

3. **Outer Rim Inspection**:
   - **Burr/Flash**: There appears to be some excess material or burrs along the outer edge of the impeller, particularly noticeable at the 9-10 o'clock position.
   - **Chipping/Material Loss**: No significant chipping or missing chunks along the rim are observed.
   - **Irregular Outer Profile**: The outer profile seems slightly irregular, with some areas appearing dented or uneven, especially around the 9-10 o'clock position.
   - **Surface Cracks/Pitting**: No surface cracks or pitting are visible on the cast face.

Based on the inspection:
- **Acceptance Criteria**: The through-hole bore is normal, and there are no visible surface cracks, pitting, or significant material loss.
- **Rejection Criteria**: The presence of burrs/flash and an irregular outer profile suggest potential manufacturing issues that could affect the impeller's performance and durability.

**Recommendation**: **Reject** the impeller due to the visible burrs/flash and irregular outer profile. These "
L0_baseline,1,Data Query,analyze_image,873.07,,2
L0_baseline,6,Anomaly Detection Query,analyze_image,4468.08,,"Upon examining the four panels, the bottom right (BR) panel appears to show the most aged equipment. There are visible signs of weathering and aging, including rust streaks on the metal structures and faded paint on some components. The BR panel also exhibits more dirt accumulation compared to the other panels, indicating prolonged exposure to environmental factors."
L0_baseline,9,Knowledge Query,analyze_image,6457.92,,"The lighting conditions across the four panels appear to be mixed. The top left (TL) and top right (TR) panels show some brightness, suggesting daylight with some cloud cover. The bottom left (BL) panel is darker, indicating it might be taken during dusk or early evening. The bottom right (BR) panel also appears to have a mix of light and shadow, which could suggest a combination of sunlight and overcast conditions. There is no clear indication of night-time conditions in any of the images."
L0_baseline,10,Decision Support,analyze_image,24725.03,,"To prioritize a panel for a maintenance walk-down based on the visible features in the images, let's analyze each panel:

1. **Top Left (TL)**:
   - The image shows a close-up of some electrical components with visible insulation and connections.
   - There are no obvious signs of oil leaks, corona discharge marks, bushing damage, thermal hotspots, corrosion, or cracked insulators.

2. **Top Right (TR)**:
   - This image also shows a close-up of electrical components.
   - Similar to TL, there are no visible signs of the mentioned anomalies.

3. **Bottom Left (BL)**:
   - This image provides a wider view of the substation area.
   - There is a fence in the foreground, but the main focus seems to be on the substation structure and its components.
   - No specific anomalies are immediately apparent from this angle.

4. **Bottom Right (BR)**:
   - This image shows a broader view of the substation, including more of the surrounding area.
   - There appears to be a significant amount of glare, possibly due to sunlight reflecting off the glass or metal surfaces.
   - The glare makes it difficult to discern specific details, but there doesn't seem to be any immediate obvious signs of the listed anomalies.

Given the lack of clear visual evidence of any of the specified anomalies in all four panels, it might be challenging to definitively prioritize one over the others. However, if we must choose one based on the information provided, I would suggest starting with the **Bottom Right "
L0_baseline,14,Complex Query,analyze_image,5247.52,,"None of the panels (TL, TR, BL, BR) appear to be thermal or infrared imagery; they all seem to be regular RGB photographs. From the visible RGB cues, there are no obvious signs of oil leaks, corona discharge marks, bushing damage, thermal hotspots, corrosion, or cracked insulators. The equipment appears to be in a normal operational state with no immediate visible anomalies."
L0_baseline,20,Prediction,analyze_image,4108.71,,"Based on the visual inspection of the four panels, there are no visible signs of oil leaks, corona discharge marks, bushing damage, thermal hotspots, corrosion, or cracked insulators. The equipment appears to be in good condition with no immediate indications of needing maintenance within the next six months."
L0_baseline,301,Anomaly Detection Query,analyze_image,5865.91,,"Yes, there is visible damage on this wind turbine blade. There are several black streaks running along the length of the blade, which appear to be cracks or delamination lines. These defects are located primarily in the upper half of the blade, extending from the leading edge towards the center. The presence of these streaks indicates potential surface cracks or gelcoat delamination, which are common forms of damage in wind turbine blades."
L0_baseline,302,Anomaly Detection Query,analyze_image,5756.76,,"Yes, there is visible damage on this wind turbine blade. The gelcoat appears to be eroded and worn away in certain areas, particularly noticeable towards the bottom right section of the blade. There are also some dark spots and discoloration, which could indicate erosion or other forms of wear. No specific crack lines or peeling layers are immediately apparent, but the overall texture and color suggest some form of degradation."
L0_baseline,303,Inference Query,analyze_image,5416.72,,"The surface of the wind turbine blade appears to have a smooth texture with no visible cracks or peeling layers. However, there is a noticeable dark mark near the center of the blade, which could be indicative of surface damage or erosion. This defect is located approximately at the 12 o'clock position on the blade. The rest of the blade shows uniform gelcoat with no other apparent abnormalities."
L0_baseline,304,Inference Query,analyze_image,3350.53,,"There is no visible damage on this wind turbine blade. The surface appears smooth with no signs of leading-edge erosion, surface cracks, lightning strike damage, or gelcoat delamination."
L0_baseline,305,Decision Support Query,analyze_image,4946.81,,"The overall structural condition of this wind turbine blade appears to be fair. The gelcoat shows some minor discoloration and wear, but there are no visible cracks, peeling layers, or other significant damage modes such as leading-edge erosion or lightning strike damage. However, the presence of small imperfections suggests it may benefit from further inspection or maintenance."
L0_baseline,503,Condition Assessment,analyze_image,9583.42,,"The thermal image shows the induction motor with a noticeable temperature gradient. The yellow and orange areas indicate higher temperatures compared to the cooler purple regions. However, there is no significant hotspot that would suggest a critical issue such as a short circuit or severe overloading. The temperature distribution appears relatively uniform across the motor body, which suggests that the motor is operating within its normal temperature range.

**Rating:** Degraded

**Justification:** While the motor does not show signs of critical overheating, the presence of warmer areas indicates that the motor may be experiencing some level of degradation. This could be due to factors such as aging components, slight misalignment, or minor electrical issues that are causing increased heat generation. It is advisable to perform a more detailed inspection and possibly further diagnostic tests to ensure the motor's continued safe operation."
L0_baseline,507,Custom,analyze_image,6467.83,,"The thermal image provided shows an induction motor. Upon analyzing the image, there are no significant thermal anomalies indicating overheating or other faults. The motor appears to be operating within normal temperature ranges as indicated by the uniform color distribution across the motor body. There are no hotspots or areas with significantly higher temperatures compared to the rest of the motor, which would typically indicate a fault such as a bearing issue, electrical imbalance, or poor ventilation. Therefore, based on the thermal image alone, the motor seems to be operating normally without any visible signs of a fault."
L0_baseline,509,Custom,analyze_image,5915.39,,"The thermal image provided shows a motor, but the resolution and color gradient do not provide enough detail to accurately determine the temperature distribution pattern across the motor. The image appears to be predominantly dark with some purple hues, which could indicate a relatively low temperature range. However, without a clear temperature scale or more detailed thermal imaging data, it is not possible to identify any hotspots or determine if the temperature distribution is uniform. For a precise analysis, a higher resolution thermal image with a temperature scale would be required."
L0_baseline,510,Custom,analyze_image,5169.83,,"The thermal image shows a motor with a non-uniform temperature distribution. There appears to be a hotspot on the top right side of the motor, indicated by the brighter orange color compared to the rest of the motor. The rest of the motor has a more consistent, cooler temperature, as shown by the purple and blue hues. This suggests that the top right area may be experiencing higher heat generation or inefficiency compared to other parts of the motor."
L0_baseline,515,Custom,analyze_image,14817.86,,"The thermal image shows a motor with a significant temperature difference across its components. The stator windings appear to be the hottest part of the motor, indicated by the intense orange and red colors. This suggests that the stator windings may be the source of the fault.

Here’s the reasoning:
- **Stator Windings**: The stator windings are responsible for generating the magnetic field when current flows through them. If there is a short circuit or excessive resistance in these windings, it can lead to overheating.
- **Rotor**: While the rotor is also a critical component, it typically does not generate as much heat as the stator windings unless there is severe mechanical damage or a bearing issue. The rotor appears to be at a lower temperature compared to the stator windings in this image.
- **Cooling Fan**: The cooling fan is designed to dissipate heat from the motor. If the fan is not functioning properly, it could cause the motor to overheat, but the thermal image does not show any indication of the fan being the primary source of the fault. The fan area appears relatively cooler compared to the stator windings.

Therefore, based on the thermal image, the stator windings are the most likely source of the fault in this motor."
L0_baseline,517,Custom,analyze_image,12059.35,,"Based on the thermal image provided, it appears that there is a localized area of higher temperature on the motor housing, which could indicate a potential issue. However, without more detailed information and a comparison to the normal operating temperature of the motor, it is difficult to make a definitive judgment.

The higher temperature area seems to be located towards the top right side of the motor (approximately 3 o'clock position if we consider the motor as a clock face). This area might be indicative of an overheat condition, which could be due to various factors such as poor cooling, a blockage in the airflow, or a malfunction within the motor itself.

Given these observations, I would recommend scheduling the motor for maintenance rather than shutting it down immediately. A thorough inspection by a qualified technician can help identify the exact cause of the elevated temperature and determine whether the motor needs immediate attention or can continue to operate safely after addressing any identified issues. It is important to ensure that the motor is not subjected to further stress until the root cause of the overheating is resolved."
L1_awq_w4a16_domain,201,Decision Support Query,analyze_image,7870.6,,"The provided image shows the back face (hub side) of a submersible pump impeller viewed from a top-down perspective. Here’s the inspection based on the provided information:

### Surface Condition:
- **Through-Hole Bore**: The dark area in the center is the through-hole bore, which is normal and expected for this type of part. There is no indication of overheating, voids, corrosion, wear, or material loss.
- **Concentric Circular Machining Marks**: These are normal post-processing artifacts and do not indicate cracks or scratches.

### Defects:
- **No Burrs/Flash**: The outer rim does not show any jagged or excess material along the edge, indicating there are no burrs or flash present.
- **No Chipping/Material Loss**: The outer rim appears intact with no missing chunks or areas where material has been lost.
- **No Irregular Outer Profile**: The outer rim maintains a circular shape without any oval, dented, or non-circular outlines.
- **No Surface Cracks/Pitting**: The cast face of the hub side does not exhibit any visible surface cracks or pitting.

### Conclusion:
Based on the visible features, the part does not exhibit any casting defects on the back face. The through-hole bore is normal, and the concentric circular machining marks are consistent with post-processing. Therefore, the part is acceptable for use as per the provided specifications and standards."
L1_awq_w4a16_domain,202,Decision Support Query,analyze_image,7140.97,,"The top-view image shows the back face (hub side) of a cast submersible pump impeller. Here’s the analysis based on the provided information:

1. **Through-Hole Bore**: The dark area in the center is a normal through-hole bore. There are no signs of overheating, voids, corrosion, wear, or material loss. This is a normal feature and not a defect.

2. **Concentric Circular Machining Marks**: The concentric circular marks on the flat ring are normal post-processing artifacts and not cracks or scratches. These are typical of the manufacturing process and do not indicate any defects.

3. **Surface Finish**: The surface appears relatively smooth with some minor variations in texture. There are no visible burrs, chipping, or irregularities in the outer rim that would suggest casting defects such as burrs, flash, chipping, or material loss. The surface looks consistent without any significant irregularities.

4. **Outer Rim Inspection**:
   - **Burr/Flash**: There are no jagged or excess material along the outer edge that would indicate burrs or flash.
   - **Chipping/Material Loss**: There are no missing chunks or areas where material has been lost along the rim.
   - **Irregular Outer Profile**: The outer rim appears to be circular and there are no oval or dented sections.
   - **Surface Cracks/Pitting**: There are no visible surface cracks or pitting on the cast face.

Based on the above observations, the part does not exhibit any casting defects on the outer rim. The surface fini"
L1_awq_w4a16_domain,203,Decision Support Query,analyze_image,7938.1,,"The provided image shows the back face of a submersible pump impeller. Here is the inspection based on the visible features:

1. **Through-Hole Bore**: The dark area in the center is the through-hole bore, which is normal and expected for this type of part. There is no indication of overheating, voids, corrosion, wear, or material loss in this area.

2. **Concentric Circular Machining Marks**: The concentric circular marks on the flat ring are normal post-processing artifacts and do not indicate cracks or scratches.

3. **Outer Rim Inspection**:
   - **Burr/Flash**: There appears to be some excess material or burring at the 9 o'clock position on the outer rim. This could be indicative of burrs or flash, which are common in casting processes due to material escaping the mold parting line.
   - **Chipping/Material Loss**: There is a noticeable chipped area at the 3 o'clock position on the outer rim. This suggests a loss of material, which is a potential defect.
   - **Irregular Outer Profile**: The outer profile appears to have some irregularities, particularly around the 3 o'clock and 9 o'clock positions. These could be due to the aforementioned burrs, chipping, or other casting issues.

4. **Surface Cracks/Pitting**: There are no visible surface cracks or pitting on the cast face of the impeller.

Based on the above observations, the part has several visible defects:
- **Burr/Flash** at the 9 o'clock position.
- **Chipping/Material Loss** at the 3 o'clock position.
- **Irregu"
L1_awq_w4a16_domain,204,Decision Support Query,analyze_image,5931.43,,"### Inspection Results:

#### 1. **Through-Hole Bore (Center):**
   - **Condition:** The dark area in the center is a normal through-hole bore. There are no signs of overheating, voids, corrosion, wear, or material loss. This is a normal feature and not a defect.

#### 2. **Concentric Circular Machining Marks (Flat Ring):**
   - **Condition:** The concentric circular marks on the flat ring are normal post-processing artifacts. They do not indicate cracks or scratches. These are expected and not considered defects.

#### 3. **Outer Rim (Perimeter):**
   - **Condition:** The outer rim appears to have some irregularities. Upon close inspection:
     - **Location:** There are visible burrs or flash along the upper-left portion of the outer rim (approximately 10-11 o'clock position).
     - **Description:** These are jagged or excess material along the outer edge, which is indicative of material escaping the mold parting line during casting. This is a common casting defect known as ""burrs"" or ""flash.""

### Recommendation:
**Reject the part.**

The presence of burrs or flash along the outer rim is a casting defect that can affect the functionality and safety of the impeller. These defects can lead to potential leaks, vibrations, or even failure under operational conditions. Therefore, the part should be rejected and reworked to ensure it meets the required standards."
L1_awq_w4a16_domain,205,Decision Support Query,analyze_image,7733.77,,"### Inspection Report

#### Part Description:
The image shows the back face (hub side) of a cast submersible pump impeller viewed from the top. The vanes are on the opposite face and are not visible in this view.

#### Evaluation:

1. **Through-Hole Bore (Center):**
   - The dark area in the center is a normal through-hole bore. There are no signs of overheating, voids, corrosion, wear, or material loss. This is a normal feature and not a defect.

2. **Concentric Circular Machining Marks (Flat Ring):**
   - The concentric circular marks on the flat ring are normal post-processing artifacts. They do not indicate cracks or scratches. These are typical of the manufacturing process and are not defects.

3. **Outer Rim (Perimeter):**
   - The outer rim appears to have some irregularities. Specifically, there are visible burrs or flash along the outer edge, particularly noticeable at the 10 o'clock position. These are jagged or excess material along the outer edge, which is indicative of material escaping the mold parting line during casting. This is a casting defect and should be considered a rejection criterion.

4. **Surface Condition:**
   - The surface of the part appears relatively smooth with no visible surface cracks or pitting. The surface looks consistent with the expected post-processing finish.

#### Conclusion:
The part has a casting defect in the form of burrs/flash at the 10 o'clock position on the outer rim. This is a clear indication of a manufacturing defect that "
L1_awq_w4a16_domain,1,Data Query,analyze_image,2009.97,,"0

The images provided do not show any distinct power transformer units. The panels TL, TR, BL, and BR all appear to be part of a single electrical substation setup with various components like busbars, insulators, and other electrical equipment but no separate power transformer units are identifiable."
L1_awq_w4a16_domain,6,Anomaly Detection Query,analyze_image,4312.36,,"Upon examining the four panels provided:

- **TL (Top Left)**: The equipment appears to be relatively new with no visible signs of weathering, ageing, or wear such as rust streaks, faded paint, or dirt accumulation.
- **TR (Top Right)**: This panel also shows no visible signs of weathering, ageing, or wear. The equipment looks clean and well-maintained.
- **BL (Bottom Left)**: Similar to the other panels, there is no visible evidence of weathering, ageing, or wear. The equipment appears to be in good condition.
- **BR (Bottom Right)**: This panel shows some signs of weathering and aging. There are visible rust streaks on the metal structures, and the paint appears faded in places. Additionally, there is some dirt accumulation on the equipment.

Based on the visible features, the **Bottom Right (BR) panel** shows the most aged equipment."
L1_awq_w4a16_domain,9,Knowledge Query,analyze_image,3326.66,,"The images provided show a substation with various panels and equipment. The lighting conditions appear to be consistent across all four panels, suggesting they were taken under similar lighting conditions. The sky is partly cloudy, which indicates it could be either daytime or early evening. There is no evidence of artificial lighting such as spotlights or floodlights, which would be necessary if the images were taken at dusk or night. Therefore, based on the available information, the most likely lighting conditions are **daylight** or **overcast**, but not specifically **dusk** or **night**. The presence of natural light and the visibility of the equipment suggest it is more likely to be **daylight**."
L1_awq_w4a16_domain,10,Decision Support,analyze_image,7313.26,,"Based on the images provided, I would prioritize the **TL (Top Left)** panel for a maintenance walk-down today. Here’s why:

1. **Oil Leaks**: The TL panel shows signs of oil leakage. The presence of oil on the surface and around the components suggests a potential failure in the transformer or its associated equipment. This is a critical issue that needs immediate attention to prevent further damage and ensure safety.

2. **Corona Discharge Marks**: There are visible corona discharge marks on the insulators in the TL panel. Corona discharge can lead to insulation breakdown over time, potentially causing short circuits or other electrical faults.

3. **Bushing Damage**: The bushings in the TL panel appear to be in good condition with no visible signs of damage such as cracks or discoloration that could indicate internal degradation.

4. **Thermal Hotspots**: While it's difficult to definitively identify thermal hotspots without temperature measurements, the overall condition of the TL panel does not show any significant signs of overheating that would necessitate immediate action.

5. **Corrosion**: There is some visible corrosion on the metal parts in the TL panel, but it doesn't appear to be severe enough to compromise the structural integrity of the components.

6. **Cracked Insulators**: The insulators in the TL panel do not show any visible cracks or damage.

Given the visible oil leaks and corona discharge marks, the TL panel poses the highest risk to operational safety"
L1_awq_w4a16_domain,14,Complex Query,analyze_image,8457.21,,"None of the panels (TL, TR, BL, BR) appear to be thermal or infrared imagery; they all seem to be regular RGB photographs. 

From the visible RGB cues, here is an inspection of the transformer/substation equipment:

- **TL (Top Left)**: The image shows a close-up view of the transformer with no visible signs of oil leaks, corona discharge marks, or bushing damage. The insulation appears intact, and there are no thermal hotspots or signs of corrosion. The cables and connections look secure.

- **TR (Top Right)**: This image provides a broader view of the transformer and its surroundings. There are no visible signs of oil leaks, corona discharge marks, or bushing damage. The insulation looks intact, and there are no thermal hotspots or signs of corrosion. The cables and connections appear secure, and the overall structure seems stable.

- **BL (Bottom Left)**: This image offers a wider perspective of the transformer and its environment. There are no visible signs of oil leaks, corona discharge marks, or bushing damage. The insulation appears intact, and there are no thermal hotspots or signs of corrosion. The cables and connections look secure, and the structure is stable.

- **BR (Bottom Right)**: This image shows a wider view of the transformer area with two individuals present. There are no visible signs of oil leaks, corona discharge marks, or bushing damage. The insulation looks intact, and there are no thermal hotspots or signs of corrosion. The cables and connections app"
L1_awq_w4a16_domain,20,Prediction,analyze_image,2128.21,,"Based on the visual inspection of the four panels, there are no visible signs of oil leaks, corona discharge marks, bushing damage, thermal hotspots, significant corrosion, or cracked insulators. The equipment appears to be in good condition with no immediate indications of failure or degradation. Therefore, it is unlikely that the equipment will require maintenance within the next six months."
L1_awq_w4a16_domain,301,Anomaly Detection Query,analyze_image,3136.86,,"Yes, there is visible damage on this wind turbine blade. There is a noticeable black line running along the length of the blade, which appears to be a crack or separation line. This line is most prominent near the center of the image, roughly at the 12 o'clock position if we were to imagine the blade as a clock face. The black line suggests a potential surface crack or delamination, which could compromise the structural integrity of the blade. It is important to further inspect this area for any signs of delamination or other forms of damage."
L1_awq_w4a16_domain,302,Anomaly Detection Query,analyze_image,2231.94,,"No, there is no visible damage, erosion, or surface defect on this wind turbine blade. The gelcoat appears to be smooth and uniform with no signs of leading-edge erosion, surface cracks, lightning strike damage, or gelcoat delamination. The surface shows consistent color and texture without any visible crack lines or peeling layers."
L1_awq_w4a16_domain,303,Inference Query,analyze_image,2725.29,,"The surface of the wind turbine blade appears to have a smooth, uniform gelcoat with no visible signs of leading-edge erosion, surface cracks, or gelcoat delamination. The blade shows no evidence of coating loss or peeling layers. However, there is a noticeable dark discoloration near the center of the blade, which could be indicative of surface damage or a potential area of concern. Further inspection would be required to determine the exact nature and extent of the defect."
L1_awq_w4a16_domain,304,Inference Query,analyze_image,1957.8,,"There is no visible damage on the wind turbine blade in the image. The surface appears smooth with no signs of leading-edge erosion, surface cracks, lightning strike damage, or gelcoat delamination. The gelcoat shows some minor wear but remains intact and uniform in texture."
L1_awq_w4a16_domain,305,Decision Support Query,analyze_image,2295.55,,"The overall structural condition of this wind turbine blade is rated as fair. The gelcoat appears to be intact with no visible cracks or peeling, but there are minor discolorations and wear marks along the leading edge, which may indicate some level of erosion. These minor imperfections do not significantly impact the structural integrity, but they suggest the need for closer inspection and potential maintenance."
L1_awq_w4a16_domain,503,Condition Assessment,analyze_image,3678.36,,"The overall condition of the induction motor in the thermal image can be rated as ""degraded."" The thermal image shows a significant temperature difference across the motor, with the yellow and orange colors indicating higher temperatures compared to the surrounding area, which is in blue. This suggests that there is localized overheating, which could be due to various issues such as poor cooling, electrical faults, or mechanical problems.

The higher temperature is concentrated on the right side of the motor (approximately 3 o'clock position), which might indicate a fault in that part of the motor. The rest of the motor appears to have a more uniform temperature, but the presence of any hot spot indicates that the motor is not operating at its optimal condition.

Therefore, based on the thermal image, the motor should be rated as ""degraded"" and should be inspected further to identify the exact cause of the overheating and to prevent potential failures."
L1_awq_w4a16_domain,507,Custom,analyze_image,5626.9,,"The thermal image shows an induction motor with a noticeable thermal anomaly. The motor housing appears to be uniformly warm, which is typical for an operating motor. However, there is a slight variation in temperature across the surface, indicating some localized heating. This could be due to normal operation or a minor fault.

To determine if the motor is operating normally or if there is a fault, further analysis would be required. The thermal image alone cannot definitively diagnose the cause of the thermal anomaly. It is important to note that the motor housing is not excessively hot, which suggests that the motor is not experiencing severe overheating at the moment the image was taken.

For a more accurate assessment, the following steps should be taken:
1. **Compare with Historical Data:** Compare the current thermal image with historical data from the same motor under similar operating conditions.
2. **Visual Inspection:** Conduct a visual inspection of the motor for any visible signs of damage, such as burnt insulation, loose connections, or physical damage.
3. **Consult Manufacturer's Specifications:** Refer to the manufacturer's specifications and guidelines for the maximum allowable temperature for the motor model in question.
4. **Consult with a Professional:** Consult with a professional technician who can provide a detailed analysis based on the available data and their expertise.

In conclusion, while the motor does show a thermal anomaly, it is not immediatel"
L1_awq_w4a16_domain,509,Custom,analyze_image,3379.24,,"The thermal image provided shows a motor, but it is difficult to determine the exact temperature distribution pattern without additional context and a higher resolution image. However, based on the visible features:

1. The overall image appears to be predominantly dark, suggesting that the motor itself is relatively cool.
2. There are no distinct areas of bright or warm colors (which would indicate hotspots) visible in the image.

Given these observations, it seems that the motor does not exhibit any significant hotspots at the moment the image was captured. The temperature distribution appears to be relatively uniform across the motor, with no particular area showing signs of overheating.

For a more accurate assessment, a higher resolution thermal image with a wider range of color gradations would be necessary. Additionally, comparing the current image with a baseline or previous images could help identify any changes in temperature distribution over time."
L1_awq_w4a16_domain,510,Custom,analyze_image,1847.04,,"The thermal image shows a motor with a non-uniform temperature distribution. There is a noticeable hotspot on the top right side of the motor, which corresponds to the 3 o'clock position on a clock face. This area appears significantly warmer than the rest of the motor, indicating a potential issue such as poor heat dissipation or an internal fault in that region. The rest of the motor appears to be at a more consistent temperature, suggesting that the hotspot is the primary concern."
L1_awq_w4a16_domain,515,Custom,analyze_image,5942.93,,"The image provided is a thermal image of an industrial motor. The thermal pattern indicates higher temperatures in certain areas, which can be indicative of potential faults. However, it's important to note that thermal imaging alone cannot definitively pinpoint the exact cause of a fault without additional context and analysis.

From the thermal image, we can observe that the motor has a higher temperature in the central part of the motor body, which could be indicative of a fault in the stator windings. Stator windings are typically located in the central part of the motor and are responsible for generating the magnetic field when current flows through them. If the stator windings are faulty, they can generate excessive heat, leading to a higher temperature in this area.

The rotor and the cooling fan do not show any significant thermal anomalies in the image. The rotor is usually located at the center of the motor and is responsible for rotating the magnetic field generated by the stator. If the rotor were faulty, it would likely cause a different pattern of heat distribution, such as a hot spot on the shaft or bearings. Similarly, the cooling fan is designed to dissipate heat from the motor, so if it were faulty, it would likely result in a cooler motor overall rather than a hotter one.

Therefore, based on the thermal image, the most likely source of the fault is the stator windings, as they are the component most directly related to the generation of heat in the motor. "
L1_awq_w4a16_domain,517,Custom,analyze_image,7570.12,,"Based on the thermal image provided, it is difficult to make a definitive judgment without more context and data, such as the expected operating temperature range for the motor, the ambient temperature, and the manufacturer's specifications. However, I can provide some observations:

1. **Overall Temperature**: The motor appears to be operating at a temperature that is higher than what would typically be considered normal for a motor under similar conditions. This suggests that there might be an issue with heat generation that could be indicative of a problem.

2. **Hot Spots**: There are areas on the motor that appear to be significantly hotter than the rest of the motor. These hot spots could indicate localized overheating, which might be due to issues such as poor cooling, a blockage in the cooling system, or a fault within the motor itself.

3. **Symmetry and Distribution**: The distribution of heat across the motor is not uniform. This asymmetry could suggest that the motor is not operating optimally and might need further investigation to determine the cause.

Given these observations, it is advisable to:

- **Schedule Maintenance**: The motor should be inspected by a qualified technician to identify the root cause of the high temperatures. This could involve checking the cooling system, the motor's electrical connections, and the overall condition of the motor.

- **Monitor Continuously**: If the motor is to be continued in operation, it should be monitored closely for"
L1_awq_w4a16_generic,201,Decision Support Query,analyze_image,8190.1,,"The provided image shows the back face of a submersible pump impeller viewed from the top. Here’s the inspection based on the visible features:

### Surface Condition:
- **Through-Hole Bore**: The dark area in the center is the through-hole bore, which is normal and expected for this type of part. There is no indication of overheating, voids, corrosion, wear, or material loss.
- **Concentric Circular Machining Marks**: These are normal post-processing artifacts and do not indicate cracks or scratches.

### Defects:
- **Burrs/Flash**: There are no visible burrs or flash along the outer edge of the rim.
- **Chipping/Material Loss**: There are no visible chipped areas or material loss along the rim.
- **Irregular Outer Profile**: The outer rim appears to be circular with no significant ovality, denting, or irregularities.
- **Surface Cracks/Pitting**: There are no visible surface cracks or pitting on the cast face.

### Conclusion:
Based on the visible features, there are no casting defects present on the outer rim of the impeller. The through-hole bore is normal, and the concentric circular machining marks are consistent with post-processing. Therefore, the part is acceptable for use.

**Recommendation:** The part is acceptable for use."
L1_awq_w4a16_generic,202,Decision Support Query,analyze_image,6891.69,,"The top-view image shows the back face of a cast submersible pump impeller. Here’s the analysis based on the provided information:

1. **Through-Hole Bore**: The dark area in the center is a normal through-hole bore. There are no signs of overheating, voids, corrosion, wear, or material loss. This is a normal feature and not a defect.

2. **Concentric Circular Machining Marks**: The concentric circular marks on the flat ring are normal post-processing artifacts and not cracks or scratches. These are typical of the manufacturing process and do not indicate any defects.

3. **Surface Finish**: The surface appears relatively smooth with some minor variations in texture. There are no visible burrs, chipping, or irregularities in the outer rim that would suggest casting defects. The surface looks consistent with standard post-casting processing.

4. **Outer Rim Inspection**:
   - **Burr/Flash**: There are no jagged or excess material along the outer edge that would indicate burrs or flash.
   - **Chipping/Material Loss**: There are no missing chunks or areas where material has been lost along the rim.
   - **Irregular Outer Profile**: The outer rim appears to be circular and there are no oval, dented, or non-circular outlines.
   - **Surface Cracks/Pitting**: There are no visible surface cracks or pitting on the cast face.

Based on the above observations, the part does not exhibit any casting defects. The surface finish is within acceptable limits, and all features are consistent"
L1_awq_w4a16_generic,203,Decision Support Query,analyze_image,7722.2,,"The provided image shows the back face of a submersible pump impeller. Here’s the inspection based on the provided information:

1. **Through-Hole Bore**: The dark area in the center is the through-hole bore, which is normal and not a defect. There is no indication of overheating, voids, corrosion, wear, or material loss.

2. **Concentric Circular Machining Marks**: The concentric circular marks on the flat ring are normal post-processing artifacts and not cracks or scratches.

3. **Outer Rim Inspection**:
   - **Burr/Flash**: There appears to be some excess material or burring at the 9 o'clock position on the outer rim. This could be a result of the casting process or post-processing.
   - **Chipping/Material Loss**: There is a noticeable chipped area at the 3 o'clock position on the outer rim, which suggests material loss.
   - **Irregular Outer Profile**: The outer profile appears to have some irregularities, particularly around the 3 o'clock and 9 o'clock positions, which may indicate casting issues or post-processing damage.

4. **Surface Cracks/Pitting**: There are no visible surface cracks or pitting on the cast face of the impeller.

Based on the above observations, the part has several defects that need to be addressed before it can be considered acceptable for use:

- **Burr/Flash at 9 o'clock**: This needs to be removed to ensure smooth operation and prevent potential damage to other components.
- **Chipped Area at 3 o'clock**: This indicates significant material l"
L1_awq_w4a16_generic,204,Decision Support Query,analyze_image,5702.94,,"### Inspection Report

#### Part Description:
The image shows the back face (hub side) of a cast submersible pump impeller viewed from a top-down perspective. The vanes are on the opposite face and are not visible in this view.

#### Inspection Results:

1. **Through-Hole Bore (Center):**
   - The dark area in the center is a normal through-hole bore. This is not a defect as it is a design feature and does not show signs of overheating, voids, corrosion, wear, or material loss.

2. **Concentric Circular Machining Marks (Flat Ring):**
   - The concentric circular marks on the flat ring are normal post-processing artifacts and do not indicate cracks or scratches.

3. **Outer Rim (Perimeter):**
   - Upon close inspection of the outer rim, there are no visible burrs, chipping, material loss, irregularities, surface cracks, or pitting. The outer profile appears consistent with the expected shape.

#### Conclusion:

There are no casting defects visible on the outer rim of the impeller. The through-hole bore is normal and not a defect. The concentric circular marks are normal post-processing artifacts.

**Recommendation:**
Accept the part as it meets the quality standards for casting defects.

---

If you need further analysis or have additional views of the part, please provide them so I can conduct a more comprehensive inspection."
L1_awq_w4a16_generic,205,Decision Support Query,analyze_image,7613.33,,"### Inspection Report

#### Part Description:
The image shows the back face (hub side) of a cast submersible pump impeller viewed from the top. The vanes are on the opposite side and are not visible in this view.

#### Evaluation:

1. **Through-Hole Bore (Center):**
   - The dark area in the center is a normal through-hole bore. There are no signs of overheating, voids, corrosion, wear, or material loss. This is a normal feature and not a defect.

2. **Concentric Circular Machining Marks (Flat Ring):**
   - The concentric circular marks on the flat ring are normal post-processing artifacts. They do not indicate cracks or scratches. These are typical of the manufacturing process and are not defects.

3. **Outer Rim (Perimeter):**
   - The outer rim appears to have some irregularities. Specifically, there are visible burrs or flash along the outer edge, particularly noticeable at the 10 o'clock position. These are jagged or excess material along the outer edge, which is indicative of material escaping the mold parting line during casting. This is a casting defect and should be considered a rejection criterion.

4. **Surface Condition:**
   - The surface of the part appears relatively smooth with no visible surface cracks or pitting. The surface looks consistent with the expected finish for a cast part.

#### Conclusion:
Based on the inspection, the part has a casting defect in the form of burrs or flash at the 10 o'clock position on the outer rim. This is a clear indication of "
L1_awq_w4a16_generic,1,Data Query,analyze_image,894.8,,1
L1_awq_w4a16_generic,6,Anomaly Detection Query,analyze_image,4329.04,,"Upon examining the four panels provided:

- **TL (Top Left)**: The equipment appears to be relatively new with no visible signs of weathering, ageing, or wear such as rust streaks, faded paint, or dirt accumulation.
- **TR (Top Right)**: This panel also shows no visible signs of weathering, ageing, or wear. The equipment looks clean and well-maintained.
- **BL (Bottom Left)**: Similar to the other panels, there is no visible evidence of weathering, ageing, or wear. The equipment appears to be in good condition.
- **BR (Bottom Right)**: This panel shows some signs of weathering and aging. There are visible rust streaks on the metal structures, and the paint appears faded in places. Additionally, there is some dirt accumulation on the equipment.

Based on the visible features, the **Bottom Right (BR) panel** shows the most aged equipment."
L1_awq_w4a16_generic,9,Knowledge Query,analyze_image,3734.77,,"The images provided show a substation with various panels and equipment. The lighting conditions appear to be consistent across all four panels, suggesting they were taken under similar lighting conditions. The sky is partly cloudy, which indicates it could be either late afternoon (dusk) or early morning (dawn). However, there is no direct evidence of the sun being low on the horizon, such as long shadows or a warm glow, which would typically indicate dusk or dawn. Therefore, based on the available information, the most likely lighting condition is **overcast**. There is no clear indication of daylight, dusk, or night. The images do not show any artificial lighting, so it is unlikely to be night. The overall scene appears evenly lit without strong contrasts, which supports the conclusion of overcast conditions."
L1_awq_w4a16_generic,10,Decision Support,analyze_image,6693.63,,"Based on the images provided, I would prioritize the **TL (Top Left)** panel for a maintenance walk-down today. Here’s why:

1. **Oil Leaks**: The TL panel shows signs of oil leakage. The presence of oil on the surface and around the components suggests a potential failure in the transformer or its associated equipment. This is a critical issue that needs immediate attention to prevent further damage and ensure safety.

2. **Corona Discharge Marks**: While there are no visible corona discharge marks in the images, the general condition of the equipment and the presence of oil leaks can be indicative of electrical stress, which might lead to corona discharge over time. Given the priority given to oil leaks, this is a secondary concern but still important to monitor.

3. **Bushing Damage**: There are no visible signs of bushing damage in the images. However, the lack of visible damage does not guarantee the absence of such issues, especially if the equipment has been under stress due to the oil leak.

4. **Thermal Hotspots, Corrosion, or Cracked Insulators**: The images do not provide enough detail to definitively identify these issues. However, the presence of oil leaks and the potential for electrical stress due to the oil leak could exacerbate any existing corrosion or insulation issues.

Given the immediate risk posed by the oil leak, the TL panel should be prioritized for a thorough inspection and necessary repairs. Addressing the oil leak will help prevent further complic"
L1_awq_w4a16_generic,14,Complex Query,analyze_image,8965.3,,"None of the panels (TL, TR, BL, BR) appear to be thermal or infrared imagery; they all seem to be regular RGB photographs. 

From the visible RGB cues, here is an inspection of the transformer/substation equipment:

- **TL (Top Left)**: The image shows a close-up view of the transformer with no visible signs of oil leaks, corona discharge marks, or bushing damage. The insulation appears intact, and there are no thermal hotspots or signs of corrosion. The cables and connections look secure.

- **TR (Top Right)**: This image provides a broader view of the transformer and its surroundings. There are no visible signs of oil leaks, corona discharge marks, or bushing damage. The insulation looks intact, and there are no thermal hotspots or signs of corrosion. The cables and connections appear secure, and the overall structure seems stable.

- **BL (Bottom Left)**: This image offers a wider perspective of the transformer and its environment. There are no visible signs of oil leaks, corona discharge marks, or bushing damage. The insulation appears intact, and there are no thermal hotspots or signs of corrosion. The cables and connections look secure, and the structure is stable.

- **BR (Bottom Right)**: This image shows a wider view of the transformer area with two individuals present. There are no visible signs of oil leaks, corona discharge marks, or bushing damage. The insulation looks intact, and there are no thermal hotspots or signs of corrosion. The cables and connections app"
L1_awq_w4a16_generic,20,Prediction,analyze_image,2924.22,,"Based on the visual inspection of the four panels, there are no visible signs of oil leaks, corona discharge marks, bushing damage, thermal hotspots, significant corrosion, or cracked insulators. The equipment appears to be in good condition with no immediate indications of needing maintenance within the next six months. However, it is important to note that this assessment is based solely on the provided images and does not account for potential issues that may be hidden or not visible from these perspectives. A thorough on-site inspection by a qualified technician would be necessary for a more accurate assessment."
L1_awq_w4a16_generic,301,Anomaly Detection Query,analyze_image,3211.51,,"Yes, there is visible damage on this wind turbine blade. There is a noticeable black line running along the length of the blade, which appears to be a crack or separation line. This line is most prominent near the center of the image, roughly at the 12 o'clock position if we were to use a clock analogy. The black line disrupts the otherwise smooth and uniform appearance of the gelcoat, indicating a potential structural issue. The rest of the blade appears to be in good condition with no other visible signs of erosion, surface cracks, or gelcoat delamination."
L1_awq_w4a16_generic,302,Anomaly Detection Query,analyze_image,2157.07,,"No, there is no visible damage, erosion, or surface defect on this wind turbine blade. The gelcoat appears to be smooth and uniform with no signs of leading-edge erosion, surface cracks, lightning strike damage, or gelcoat delamination. The surface shows consistent color and texture without any visible crack lines or peeling layers."
L1_awq_w4a16_generic,303,Inference Query,analyze_image,2638.99,,"The surface of the wind turbine blade appears to have a smooth, uniform gelcoat with no visible signs of leading-edge erosion, surface cracks, or gelcoat delamination. The blade shows no evidence of coating loss or peeling layers. However, there is a noticeable dark discoloration near the center of the blade, which could be indicative of surface damage or a potential area of concern. Further inspection would be required to determine the exact nature and extent of the defect."
L1_awq_w4a16_generic,304,Inference Query,analyze_image,2013.2,,"There is no visible damage on the wind turbine blade in the image. The surface appears smooth with no signs of leading-edge erosion, surface cracks, lightning strike damage, or gelcoat delamination. The gelcoat shows some minor wear but remains intact and uniform in texture."
L1_awq_w4a16_generic,305,Decision Support Query,analyze_image,2324.26,,"The overall structural condition of this wind turbine blade is rated as fair. The gelcoat appears to be intact with no visible cracks or peeling, but there are minor discolorations and wear marks along the leading edge, which may indicate some level of erosion. These minor imperfections do not significantly impact the structural integrity, but they do suggest the need for closer inspection and potential maintenance."
L1_awq_w4a16_generic,503,Condition Assessment,analyze_image,4355.53,,"The overall condition of the induction motor in the thermal image can be rated as ""degraded."" The thermal image shows a significant temperature difference across the motor, with the yellow and orange colors indicating higher temperatures compared to the surrounding area, which is in blue. This suggests that there might be localized overheating, which could be due to various issues such as poor cooling, electrical faults, or mechanical problems.

The higher temperature areas are concentrated around the motor housing, particularly on the top right side (approximately 3 o'clock position). This suggests that there might be a blockage in the cooling system or an issue with the motor's internal components that are causing localized heating.

While the rest of the motor appears to be within a normal operating range, the presence of these hotspots indicates that the motor is not operating optimally and should be inspected further for potential issues. Therefore, the rating of ""degraded"" is justified by the thermal imaging data showing signs of overheating."
L1_awq_w4a16_generic,507,Custom,analyze_image,5624.58,,"The thermal image shows an induction motor with a noticeable thermal anomaly. The motor housing appears to be uniformly warm, which is typical for an operating motor. However, there is a slight variation in temperature across the surface, indicating some localized heating. This could be due to normal operation or a minor fault.

To determine if the motor is operating normally or if there is a fault, further analysis would be required. The thermal image alone cannot definitively diagnose the cause of the thermal anomaly. It is important to note that the motor housing is not excessively hot, which suggests that the motor is not experiencing severe overheating at the moment the image was taken.

For a more accurate assessment, the following steps should be taken:
1. **Compare with Historical Data:** Compare the current thermal image with historical data from the same motor under similar operating conditions.
2. **Visual Inspection:** Conduct a visual inspection of the motor for any visible signs of damage, such as burnt insulation, loose connections, or physical damage.
3. **Consult Manufacturer's Specifications:** Refer to the manufacturer's specifications and guidelines for the maximum allowable temperature for the motor model in question.
4. **Consult with a Professional:** Consult with a professional technician who can provide a detailed analysis based on the available data and their expertise.

In conclusion, while the motor does show a thermal anomaly, it is not immediatel"
L1_awq_w4a16_generic,509,Custom,analyze_image,2691.77,,"The thermal image provided shows a motor, but due to the low resolution and lack of clear differentiation between various parts, it is challenging to accurately determine the temperature distribution pattern. However, based on the visible features:

1. The overall image appears relatively uniform in color, suggesting a relatively uniform temperature distribution.
2. There are no distinct areas that stand out as significantly hotter than others, which would typically be indicative of hotspots.

Given these observations, it seems that the motor does not exhibit any obvious hotspots. The temperature distribution appears to be fairly uniform across the motor. However, for a more accurate assessment, a higher-resolution thermal image with clearer differentiation between different components would be necessary."
L1_awq_w4a16_generic,510,Custom,analyze_image,2391.17,,"The thermal image shows a motor with a non-uniform temperature distribution. There is a noticeable hotspot on the top right side of the motor, which corresponds to the 3 o'clock position on a clock face. This indicates that the area around the 3 o'clock mark is experiencing higher temperatures compared to the rest of the motor. The rest of the motor appears to be at a more consistent temperature, suggesting that the hotspot is likely due to localized heat generation, possibly from electrical contacts or insulation issues in that area. It is important to investigate further to determine the cause of the hotspot and ensure the motor's safe operation."
L1_awq_w4a16_generic,515,Custom,analyze_image,5940.53,,"The image provided is a thermal image of an industrial motor. The thermal pattern indicates higher temperatures in certain areas, which can be indicative of potential faults. However, it's important to note that thermal imaging alone cannot definitively pinpoint the exact cause of a fault without additional context and analysis.

From the thermal image, we can observe that the motor has a higher temperature in the central part of the motor body, which could be indicative of a fault in the stator windings. Stator windings are typically located in the central part of the motor and are responsible for generating the magnetic field when current flows through them. If the stator windings are faulty, they can generate excessive heat, leading to a higher temperature in this area.

The rotor and the cooling fan do not show any significant thermal anomalies in the image. The rotor is usually located at the center of the motor and is responsible for rotating the magnetic field generated by the stator. If the rotor were faulty, it would likely cause a different pattern of heat distribution, such as a hot spot on the shaft or bearings. Similarly, the cooling fan is designed to dissipate heat from the motor, so if it were faulty, it would likely result in a cooler motor overall rather than a hotter one.

Therefore, based on the thermal image, the most likely source of the fault is the stator windings, given the higher temperature in the central part of the motor body. However, further ins"
L1_awq_w4a16_generic,517,Custom,analyze_image,6568.76,,"Based on the thermal image provided, it is difficult to make a definitive judgment without more context and data, such as the expected operating temperature range for the motor, the ambient temperature, and the manufacturer's specifications. However, I can provide some observations:

1. **Overall Temperature**: The motor appears to be operating at a temperature that is higher than what would typically be considered normal for a motor under similar conditions. This suggests that there might be an issue with heat generation that could be indicative of a problem.

2. **Hot Spots**: There are areas on the motor that appear to be hotter than others. These hot spots could indicate localized overheating, which might be due to poor cooling, a blockage in the airflow, or a fault within the motor itself.

3. **Symmetry and Distribution**: The distribution of heat across the motor is not uniform. This asymmetry could suggest that the motor is not operating optimally and might need further investigation.

Given these observations, it is advisable to:

- **Schedule Maintenance**: The motor should be inspected by a professional to determine the exact cause of the increased temperature. This could involve checking the cooling system, the motor's internal components, and the electrical connections.
- **Monitor Continuously**: If the motor is allowed to continue running, it should be monitored closely for any signs of further deterioration. If the temperature continues to rise or if any other"
L3_image_512,201,Decision Support Query,analyze_image,16710.15,,"The casting image shows the back face of a submersible pump impeller viewed from the top. Here’s the inspection:

1. **Through-Hole Bore**: The dark area in the center is the normal through-hole bore. This is not a defect.
2. **Concentric Circular Machining Marks**: These are normal post-processing artifacts and not cracks or scratches.
3. **Outer Rim Condition**:
   - **No Burrs/Flash**: The outer rim appears smooth with no jagged edges or excess material.
   - **No Chipping/Material Loss**: The outer rim looks intact without any missing chunks.
   - **No Irregular Outer Profile**: The outline of the outer rim is circular and uniform.
   - **No Surface Cracks/Pitting**: The cast face does not show any visible cracks or pitting.

**Conclusion**: Based on the visible features, there are no casting defects present on the outer rim. The part appears to be free of burrs, chipping, irregular profiles, or surface cracks/pitting. Therefore, this part is acceptable for use."
L3_image_512,202,Decision Support Query,analyze_image,4896.1,,"The surface finish appears smooth with some concentric circular machining marks visible around the outer rim, which are normal post-processing artifacts. There are no visible burrs, chipping, irregularities in the outer profile, or surface cracks/pitting on the cast face. The dark area in the center is a normal through-hole bore and does not indicate any defects.

This part passes quality inspection based on the provided criteria."
L3_image_512,203,Decision Support Query,analyze_image,16793.57,,"The casting image shows the back face of a submersible pump impeller viewed from the top. Here’s the inspection:

1. **Through-Hole Bore**: The dark area in the center is the normal through-hole bore. There are no signs of overheating, voids, corrosion, wear, or material loss in this area.

2. **Machining Marks**: The concentric circular marks on the flat ring are normal post-processing artifacts and not cracks or scratches.

3. **Outer Rim Inspection**:
   - **Burr/Flash**: There appears to be some excess material or burrs along the outer edge of the impeller, particularly noticeable at the 9-10 o'clock position.
   - **Chipping/Material Loss**: There are no visible chunks missing along the rim.
   - **Irregular Outer Profile**: The outer rim does not appear to have an irregular profile; it seems to maintain a circular shape.
   - **Surface Cracks/Pitting**: There are no visible surface cracks or pitting on the cast face.

Based on the above observations, the part has a minor defect in the form of burrs/flash at the 9-10 o'clock position. This is a common issue during casting and can usually be machined off without affecting the overall functionality of the impeller.

**Conclusion**: The part is acceptable for use with the noted defect being minor and likely removable by machining."
L3_image_512,204,Decision Support Query,analyze_image,22991.52,,"Upon examining the provided image of the cast submersible pump impeller, here are the observations:

1. **Through-Hole Bore**: The dark area in the center is a normal feature and not a defect. It is a through-hole bore, which is expected and not indicative of overheating, voids, corrosion, wear, or material loss.

2. **Concentric Circular Machining Marks**: The concentric circular marks on the flat ring are normal post-processing artifacts and not cracks or scratches.

3. **Outer Rim Inspection**:
   - **Burr/Flash**: There appears to be some excess material or burrs along the outer edge of the impeller, particularly noticeable at the 9-10 o'clock position. This is likely due to material escaping the mold parting line during casting.
   - **Chipping/Material Loss**: There are no visible missing chunks or irregularities along the rim that would indicate chipping or material loss.
   - **Irregular Outer Profile**: The outer rim does not appear to have an oval or dented shape; however, there is a slight irregularity at the 9-10 o'clock position where the burr/flash is present.
   - **Surface Cracks/Pitting**: There are no visible surface cracks or pitting on the cast face.

**Recommendation**:
Given the presence of burrs/flash at the 9-10 o'clock position, which is a common casting defect, I would recommend rejecting this part. While the through-hole bore and concentric circular marks are normal, the burrs could potentially affect the impeller's performance and durability if the"
L3_image_512,205,Decision Support Query,analyze_image,20139.11,,"The provided image shows the back face of a cast submersible pump impeller viewed from the top. Here’s the evaluation based on the visible features:

1. **Through-Hole Bore**: The dark area in the center is a normal through-hole bore. There are no signs of overheating, voids, corrosion, wear, or material loss in this area.

2. **Concentric Circular Machining Marks**: The concentric circular marks on the flat ring are normal post-processing artifacts and not cracks or scratches.

3. **Outer Rim Inspection**:
   - **Burr/Flash**: There appears to be some excess material or burrs along the outer edge of the impeller, particularly noticeable at the 9-10 o'clock position.
   - **Chipping/Material Loss**: No significant chipping or missing chunks along the rim are observed.
   - **Irregular Outer Profile**: The outer profile seems slightly irregular, with some areas appearing dented or uneven, especially around the 9-10 o'clock position.
   - **Surface Cracks/Pitting**: No surface cracks or pitting are visible on the cast face.

Based on the inspection:
- **Acceptance Criteria**: The through-hole bore is normal, and there are no visible surface cracks, pitting, or significant material loss.
- **Rejection Criteria**: The presence of burrs/flash and an irregular outer profile suggest potential manufacturing issues that could affect the impeller's performance and durability.

**Recommendation**: **Reject** the impeller due to the visible burrs/flash and irregular outer profile. These "
L3_image_512,1,Data Query,analyze_image,507.62,,2
L3_image_512,6,Anomaly Detection Query,analyze_image,16577.12,,"To determine which panel shows the most aged equipment based on visible signs of weathering, ageing, or wear such as rust streaks, faded paint, and dirt accumulation, let's analyze each quadrant:

- **TL (Top Left):** This panel appears relatively clean with no visible rust streaks, faded paint, or significant dirt accumulation. The metal structure looks intact without any obvious signs of aging.
  
- **TR (Top Right):** This panel also seems to be in good condition. There are no noticeable rust streaks, faded paint, or dirt accumulation. The equipment appears well-maintained.
  
- **BL (Bottom Left):** This panel shows some signs of weathering. There are visible rust streaks on the metal structure, indicating some level of aging. The paint appears faded in certain areas, and there is some dirt accumulation, particularly around the lower part of the structure.
  
- **BR (Bottom Right):** This panel has some visible signs of wear and tear. There are rust streaks present on the metal parts, and the paint appears faded in places. Additionally, there is noticeable dirt accumulation, especially around the base of the equipment.

Comparing the four quadrants, the **BR (Bottom Right)** panel exhibits the most visible signs of weathering, ageing, or wear, including rust streaks, faded paint, and dirt accumulation. Therefore, the BR panel shows the most aged equipment."
L3_image_512,9,Knowledge Query,analyze_image,7840.69,,"The lighting conditions across the four panels appear to be mixed. The top left (TL) and bottom right (BR) panels show some shadows and highlights that suggest daylight with some cloud cover, as indicated by the overcast sky in the background. The top right (TR) panel also shows similar lighting conditions with daylight and some cloud cover. The bottom left (BL) panel has a darker appearance, which could indicate either dusk or night, but given the presence of artificial lighting on the equipment, it is more likely to be dusk or early evening. Therefore, the overall lighting conditions can be described as mixed, with elements of both daylight and dusk/near-night conditions."
L3_image_512,10,Decision Support,analyze_image,18419.45,,"To prioritize one of the panels for a maintenance walk-down based on the visible features in the images, let's analyze each panel:

1. **Top Left (TL)**:
   - The image shows a transformer with some visible wiring and connections.
   - There are no obvious signs of oil leaks, corona discharge marks, bushing damage, thermal hotspots, corrosion, or cracked insulators.

2. **Top Right (TR)**:
   - This image also shows a transformer with wiring and connections.
   - Similar to TL, there are no visible signs of the mentioned anomalies.

3. **Bottom Left (BL)**:
   - This image appears to show a different section of the substation, possibly a busbar or another type of electrical component.
   - There are no visible signs of oil leaks, corona discharge marks, bushing damage, thermal hotspots, corrosion, or cracked insulators.

4. **Bottom Right (BR)**:
   - This image shows a larger section of the substation, including what looks like a transformer and other components.
   - There is a noticeable area where the insulation appears to be damaged or missing, which could indicate a potential oil leak or other issues.

**Priority Recommendation**:
Given the analysis, I would prioritize the **Bottom Right (BR) panel** for a maintenance walk-down today. The visible damage to the insulation suggests a potential issue that needs immediate attention. Addressing this could prevent further degradation and ensure the safety and reliability of the equipment. The other panels do not exhibit any s"
L3_image_512,14,Complex Query,analyze_image,14321.8,,"None of the panels (TL, TR, BL, BR) appear to be thermal or infrared imagery; they all seem to be regular RGB photographs. 

From the visible RGB cues, here is an inspection of each panel:

- **TL Panel**: The image shows electrical equipment with no visible signs of oil leaks, corona discharge marks, bushing damage, thermal hotspots, corrosion, or cracked insulators.
- **TR Panel**: Similarly, this panel also shows electrical equipment without any apparent anomalies. The cables and insulators look intact.
- **BL Panel**: This panel displays a wider view of the substation. There are no visible signs of oil leaks, corona discharge marks, bushing damage, thermal hotspots, corrosion, or cracked insulators.
- **BR Panel**: This panel captures a person standing near the equipment, which might suggest some activity or maintenance work. However, there are no visible signs of oil leaks, corona discharge marks, bushing damage, thermal hotspots, corrosion, or cracked insulators on the equipment itself.

Overall, based on the visible features, none of the panels indicate any significant anomalies. The equipment appears to be in good condition, and the operational state seems normal."
L3_image_512,20,Prediction,analyze_image,3667.95,,"Based on the visual inspection of the four panels, there are no visible signs of oil leaks, corona discharge marks, bushing damage, thermal hotspots, corrosion, or cracked insulators. The equipment appears to be in good condition with no immediate indications of needing maintenance within the next six months."
L3_image_512,301,Anomaly Detection Query,analyze_image,3954.22,,"No, there is no visible damage, erosion, or surface defect on this wind turbine blade. The gelcoat appears smooth and uniform with no signs of leading-edge erosion, surface cracks, lightning strike damage, or gelcoat delamination. The blade shows consistent color and texture throughout its visible portion."
L3_image_512,302,Anomaly Detection Query,analyze_image,5479.69,,"Yes, there is visible damage on this wind turbine blade. The gelcoat appears to be eroded along the leading edge, particularly noticeable from the 12 o'clock position down to the 6 o'clock position. There are also some dark spots and discoloration, which could indicate surface cracks or other forms of damage. The texture seems uneven, with areas that look rougher than others, suggesting possible delamination or erosion."
L3_image_512,303,Inference Query,analyze_image,5595.02,,"The wind turbine blade appears to have a smooth surface with no visible cracks, erosion, or surface damage. The gelcoat coating looks intact and uniform across the visible portion of the blade. There are no signs of peeling layers or discoloration. However, there is a small, dark mark near the center of the blade, which could be a minor imperfection or residue but does not appear to be a significant defect affecting the overall surface condition."
L3_image_512,304,Inference Query,analyze_image,3076.8,,"There is no visible damage on this wind turbine blade. The image shows a pole-like structure with some markings, but no signs of leading-edge erosion, surface cracks, lightning strike damage, or gelcoat delamination are present."
L3_image_512,305,Decision Support Query,analyze_image,3346.63,,"The overall structural condition of this wind turbine blade appears to be good. The gelcoat shows no visible signs of leading-edge erosion, surface cracks, lightning strike damage, or gelcoat delamination, indicating a smooth and uniform surface with no apparent defects."
L3_image_512,503,Condition Assessment,analyze_image,9477.55,,"The thermal image shows the induction motor with a noticeable temperature gradient. The yellow and orange areas indicate higher temperatures compared to the cooler purple regions. However, there is no significant hotspot that would suggest a critical issue such as a short circuit or severe overloading. The temperature distribution appears relatively uniform across the motor body, which suggests that the motor is operating within its normal temperature range.

**Rating:** Degraded

**Justification:** While the motor does not show signs of critical overheating, the presence of warmer areas indicates that the motor may be experiencing some level of degradation. This could be due to factors such as aging components, slight misalignment, or minor electrical issues that are causing increased heat generation. It is advisable to perform a more detailed inspection and possibly further diagnostic tests to ensure the motor's continued safe operation."
L3_image_512,507,Custom,analyze_image,6468.2,,"The thermal image provided shows an induction motor. Upon analyzing the image, there are no significant thermal anomalies indicating overheating or other faults. The motor appears to be operating within normal temperature ranges as indicated by the uniform color distribution across the motor body. There are no hotspots or areas with significantly higher temperatures compared to the rest of the motor, which would typically indicate a fault such as a bearing issue, electrical imbalance, or poor ventilation. Therefore, based on the thermal image alone, the motor seems to be operating normally without any visible signs of a fault."
L3_image_512,509,Custom,analyze_image,5903.02,,"The thermal image provided shows a motor, but the resolution and color gradient do not provide enough detail to accurately determine the temperature distribution pattern across the motor. The image appears to be predominantly dark with some purple hues, which could indicate a relatively low temperature range. However, without a clear temperature scale or more detailed thermal imaging data, it is not possible to identify any hotspots or determine if the temperature distribution is uniform. For a precise analysis, a higher resolution thermal image with a temperature scale would be required."
L3_image_512,510,Custom,analyze_image,5169.87,,"The thermal image shows a motor with a non-uniform temperature distribution. There appears to be a hotspot on the top right side of the motor, indicated by the brighter orange color compared to the rest of the motor. The rest of the motor has a more consistent, cooler temperature, as shown by the purple and blue hues. This suggests that the top right area may be experiencing higher heat generation or inefficiency compared to other parts of the motor."
L3_image_512,515,Custom,analyze_image,14817.71,,"The thermal image shows a motor with a significant temperature difference across its components. The stator windings appear to be the hottest part of the motor, indicated by the intense orange and red colors. This suggests that the stator windings may be the source of the fault.

Here’s the reasoning:
- **Stator Windings**: The stator windings are responsible for generating the magnetic field when current flows through them. If there is a short circuit or excessive resistance in these windings, it can lead to overheating.
- **Rotor**: While the rotor is also a critical component, it typically does not generate as much heat as the stator windings unless there is severe mechanical damage or a bearing issue. The rotor appears to be at a lower temperature compared to the stator windings in this image.
- **Cooling Fan**: The cooling fan is designed to dissipate heat from the motor. If the fan is not functioning properly, it could cause the motor to overheat, but the thermal image does not show any indication of the fan being the primary source of the fault. The fan area appears relatively cooler compared to the stator windings.

Therefore, based on the thermal image, the stator windings are the most likely source of the fault in this motor."
L3_image_512,517,Custom,analyze_image,12077.77,,"Based on the thermal image provided, it appears that there is a localized area of higher temperature on the motor housing, which could indicate a potential issue. However, without more detailed information and a comparison to the normal operating temperature of the motor, it is difficult to make a definitive judgment.

The higher temperature area seems to be located towards the top right side of the motor (approximately 3 o'clock position if we consider the motor as a clock face). This area might be indicative of an overheat condition, which could be due to various factors such as poor cooling, a blockage in the airflow, or a malfunction within the motor itself.

Given these observations, I would recommend scheduling the motor for maintenance rather than shutting it down immediately. A thorough inspection by a qualified technician can help identify the exact cause of the elevated temperature and determine whether the motor needs immediate attention or can continue to operate safely after addressing any identified issues. It is important to ensure that the motor is not subjected to further stress until the root cause of the overheating is resolved."
L0_llama_baseline,201,Decision Support Query,analyze_image,12534.01,,"Based on the image provided, the casting appears to be in good condition. There are no visible defects on the back face (hub side) of the impeller that would indicate overheating, voids, corrosion, wear, or material loss. The dark area in the center is a normal through-hole bore, and the concentric circular machining marks on the flat ring are normal post-processing artifacts.

The outer rim (perimeter) of the casting is smooth and there are no visible burrs, flash, chipping, material loss, irregular outer profile, surface cracks, or pitting. The casting appears to be of a high quality and would be acceptable for use."
L0_llama_baseline,202,Decision Support Query,analyze_image,9400.13,,"The image shows a cast submersible pump impeller viewed from the back face (hub side). The vanes are not visible in this view. The dark area in the center is a normal through-hole bore, which is not a defect. Concentric circular machining marks on the flat ring are normal post-processing artifacts and not cracks or scratches.

On the outer rim (perimeter), there are no visible burrs, flash, chipping, material loss, irregular outer profile, surface cracks, or pitting. The surface finish appears to be smooth and even, with no visible defects. This part would pass quality inspection based on the visible features in the image."
L0_llama_baseline,203,Decision Support Query,analyze_image,11905.01,,"Based on the image provided, the casting appears to be acceptable for use. There are no visible defects on the back face (hub side) that would indicate overheating, voids, corrosion, wear, or material loss. The dark area in the center is a normal through-hole bore, and the concentric circular machining marks are normal post-processing artifacts.

However, it is important to note that the vanes are not visible in this view, and a thorough inspection would require a view of the opposite face to assess the vanes and the overall quality of the casting. Additionally, a thorough inspection would also require checking the outer rim for burrs, flash, chipping, material loss, irregular outer profile, and surface cracks or pitting on the cast face. If any of these defects are present on the outer rim, the casting would need to be rejected."
L0_llama_baseline,204,Decision Support Query,analyze_image,18053.35,,"Based on the image provided, the following casting defects are visible on the OUTER RIM (perimeter) of the impeller:

1. Burrs / Flash: There are jagged or excess material along the outer edge, particularly at the 9-10 o'clock position. This is a common defect where material has escaped the mold parting line.

2. Irregular Outer Profile: The outer edge of the impeller is not perfectly circular, with a slight irregularity at the 11-12 o'clock position. This is not a defect in itself but could be a concern depending on the specifications for the part.

3. Surface Cracks or Pitting: There are small cracks or pitting on the cast face, particularly at the 7-8 o'clock position. These are surface imperfections that could be a concern for the structural integrity of the part.

As for the THROUGH-HOLE BORE, it is a normal feature and not a defect. The concentric circular machining marks on the flat ring are normal post-processing artifacts and not cracks or scratches.

Based on the visible defects, I would recommend rejecting this part. The burrs and irregular outer profile are significant enough to warrant rejection, and the surface cracks or pitting could compromise the structural integrity of the part. It is important to ensure that all parts meet the required specifications for quality and safety."
L0_llama_baseline,205,Decision Support Query,analyze_image,12474.12,,"Based on the visible features in the top-view image of the cast submersible pump impeller, the following observations can be made:

1. The dark area in the center is a normal THROUGH-HOLE BORE, which is not a defect. It is not overheating, not a void, not corrosion, not wear, and not material loss.

2. Concentric circular machining marks on the flat ring are normal post-processing artifacts, not cracks or scratches.

3. The outer rim (perimeter) appears to be free of burrs, flash, chipping, material loss, irregular outer profile, surface cracks, or pitting. There are no visible defects in the clock positions or compass directions.

Given that there are no visible defects on the outer rim, and the center is a normal through-hole bore, the part appears to be in good condition. Therefore, it would be recommended to accept the part."
L0_llama_baseline,1,Data Query,analyze_image,2591.85,,"There are four distinct power transformer units visible across the four panels (TL, TR, BL, BR) of this image."
L0_llama_baseline,6,Anomaly Detection Query,analyze_image,16459.39,,"Upon examining the four panels, I can provide the following observations:

1. Top left (TL): There are no visible signs of weathering, ageing, or wear. The equipment appears to be in good condition.

2. Top right (TR): The equipment shows signs of weathering and ageing. There are rust streaks on the metal structures, and the paint on the insulators appears to be faded. The equipment in this panel looks the most aged among the four.

3. Bottom left (BL): The equipment in this panel also shows signs of weathering and ageing. There are rust streaks on the metal structures, and the paint on the insulators appears to be faded. The equipment in this panel looks aged, but not as aged as the one in the top right panel.

4. Bottom right (BR): The equipment in this panel shows signs of weathering and ageing. There are rust streaks on the metal structures, and the paint on the insulators appears to be faded. The equipment in this panel looks aged, but not as aged as the one in the top right panel.

Based on the visible features, the top right panel (TR) shows the most aged equipment due to the rust streaks and faded paint on the insulators."
L0_llama_baseline,9,Knowledge Query,analyze_image,9090.4,,"The lighting conditions in the image vary across the four panels:

1. Top left: The lighting appears to be daylight with some cloud cover, suggesting an overcast day.
2. Top right: The lighting is similar to the top left, indicating an overcast day.
3. Bottom left: The lighting is more dramatic, with a mix of daylight and shadows, suggesting either dusk or dawn when the sun is low in the sky.
4. Bottom right: The lighting is similar to the bottom left, with a mix of daylight and shadows, indicating either dusk or dawn.

Please note that the lighting conditions are subjective and based on the visible features in the image."
L0_llama_baseline,10,Decision Support,analyze_image,6857.79,,"Based on the visible features in the image, I would prioritize the top left panel for a maintenance walk-down today. This panel shows signs of thermal hotspots, which are areas where the equipment is running hotter than it should be. These hotspots can be indicative of a malfunction or inefficiency in the equipment, and addressing them promptly can prevent potential damage or failure. The hotspots are located around the center of the panel, and they are more pronounced than in the other panels."
L0_llama_baseline,14,Complex Query,analyze_image,14532.81,,"The image provided appears to be a regular RGB photograph rather than thermal or infrared imagery. There are no visible thermal hotspots or infrared cues that would indicate the equipment is operating at an elevated temperature.

From the visible features in the image, the transformer and substation equipment seem to be in good condition. There are no visible oil leaks, corona discharge marks, bushing damage, or cracked insulators. The insulators appear to be intact, and there is no visible corrosion or damage to the transformer or substation components.

The equipment is mounted on metal structures, and the surroundings include buildings and trees, suggesting an urban or suburban setting. The sky is overcast, which might indicate that the equipment is not currently in use or that the photo was taken during a period of low activity.

In summary, the equipment appears to be in good condition based on the visible features in the image, and there are no indications of thermal or infrared imagery. The operational state of the equipment cannot be definitively determined from the image alone, but the absence of visible anomalies suggests it is likely in a normal state of operation."
L0_llama_baseline,20,Prediction,analyze_image,6182.15,,"Based on the visual inspection of the transformer/substation equipment across the four panels, there are no visible anomalies such as oil leaks, corona discharge marks, bushing damage, thermal hotspots, corrosion, or cracked insulators. The equipment appears to be in good condition and does not show any signs of immediate maintenance requirements. Therefore, it is likely that the equipment does not require maintenance within the next six months."
L0_llama_baseline,301,Anomaly Detection Query,analyze_image,3808.1,,"No, there is no visible damage, erosion, or surface defect on this wind turbine blade. The surface appears smooth and uniform, with no cracks, peeling layers, or other signs of damage."
L0_llama_baseline,302,Anomaly Detection Query,analyze_image,7583.53,,"Yes, there is visible damage on the wind turbine blade. The leading edge of the blade appears to be eroded, with a rough texture and uneven surface. There are also surface cracks visible, particularly on the upper part of the blade, extending from the center towards the edge. The gelcoat is not uniformly smooth, and there are areas where it seems to be peeling or delaminating. The damage is most noticeable on the upper part of the blade, with the leading edge showing the most severe erosion."
L0_llama_baseline,303,Inference Query,analyze_image,7514.65,,"The surface of the wind turbine blade appears to be in good condition with no visible signs of damage or defects. The gelcoat is smooth and uniform, and there are no cracks, peeling layers, or areas of erosion. The leading edge of the blade is sharp and well-defined, indicating no signs of erosion or damage. The surface is consistent in color and texture, and there are no visible signs of lightning strike damage or delamination. The blade's surface is continuous and free of any noticeable imperfections."
L0_llama_baseline,304,Inference Query,analyze_image,4128.37,,"The visible damage on the wind turbine blade is located on the surface center, specifically at the 12 o'clock position. The damage appears as a crack or a peeling layer, which could be indicative of gelcoat delamination."
L0_llama_baseline,305,Decision Support Query,analyze_image,7645.65,,"Based on the visual appearance of the wind turbine blade in the image, I would rate its overall structural condition as fair. The blade shows some signs of wear and possible damage, such as a slightly uneven surface and a few small, dark spots that could be indicative of surface cracks or gelcoat delamination. However, there are no obvious signs of severe damage or structural compromise, such as large cracks or significant peeling of the gelcoat. The leading edge appears to be intact, and the surface texture is generally uniform."
L0_llama_baseline,503,Condition Assessment,analyze_image,12974.46,,"Based on the thermal image provided, the overall condition of the induction motor appears to be degraded. The motor is emitting a significant amount of heat, which is indicated by the bright orange and red areas in the image. These hot spots suggest that the motor is operating at a higher temperature than it should be, which can lead to reduced efficiency, increased wear and tear, and potentially a shorter lifespan.

The heat distribution is not uniform, with the hottest areas concentrated on the right side of the motor, which could indicate a problem with the cooling system or a mechanical issue. The cooler areas on the left side suggest that the motor is not uniformly heated, which could be a sign of a problem with the windings or the cooling system.

The presence of hot spots and uneven heat distribution are indicative of a motor that is not operating optimally. Therefore, I would rate the overall condition of this induction motor as degraded. It is important to address the issues causing the heat buildup to prevent further damage and ensure the motor operates safely and efficiently."
L0_llama_baseline,507,Custom,analyze_image,9384.26,,"Based on the image provided, the industrial equipment appears to be an induction motor. The motor is shown in a side view, and the image is taken from a perspective that allows us to see the side of the motor housing and part of the rotor.

There are no visible signs of a fault or thermal anomalies in the image. The motor appears to be intact with no visible damage or unusual features that would indicate a fault. The coloration in the image is likely due to the lighting conditions or the camera's settings, and it does not correspond to any specific defect or anomaly in the motor itself. The motor's housing and rotor appear to be in good condition, and there are no visible signs of overheating or other thermal issues."
L0_llama_baseline,509,Custom,analyze_image,3987.35,,"Based on the thermal image provided, the temperature distribution across the motor appears to be relatively uniform. There are no hotspots or areas of significantly higher temperature visible in the image. The temperature seems to be consistent across the entire motor, with no distinct areas of higher or lower heat."
L0_llama_baseline,510,Custom,analyze_image,5047.67,,"In the thermal image provided, the temperature distribution across the motor appears to be relatively uniform, with no obvious hotspots. The motor is predominantly illuminated in a yellow-orange hue, indicating a consistent heat emission. There are no areas that stand out as significantly hotter than the rest, suggesting that the motor is operating within a normal temperature range. The image does not show any specific defect locations or areas of concern."
L0_llama_baseline,515,Custom,analyze_image,9967.85,,"Based on the image provided, it is not possible to definitively determine the source of a fault in the motor. The image is a thermal image showing the temperature distribution of the motor, but it does not provide information about the specific components or their functionality. The colors in the image represent different temperatures, but without a reference point or scale, it is not possible to accurately identify which component might be the source of a fault.

To diagnose a fault in a motor, one would typically look for signs of overheating, unusual noises, or physical damage. These are often indicators of a problem with the stator windings, rotor, or cooling fan. However, without a clear view of the motor's components or a thermal image with a reference point, it is not possible to provide a specific answer to the question."
L0_llama_baseline,517,Custom,analyze_image,10351.23,,"Based on the thermal image provided, the motor appears to be operating within normal temperature ranges. There are no visible hotspots or areas of significantly elevated temperature that would indicate a need for immediate shutdown or maintenance. The motor seems to be functioning normally, and there is no clear indication of a defect or a potential issue that would require immediate attention.

However, it is important to note that thermal imaging is a tool to detect temperature variations, but it does not provide a complete assessment of the motor's condition. A thorough inspection, including checking for any signs of wear, vibration, or other mechanical issues, would be necessary to make a more informed decision about the motor's operation. If there are any concerns about the motor's performance or safety, it is always best to consult with a professional technician for a comprehensive assessment."
L1_llama_awq_w4a16_domain,201,Decision Support Query,analyze_image,6356.87,,"The image provided is a black and white photograph of the back face of a cast submersible pump impeller. The vanes are not visible in this view, and the through-hole bore is centered and appears to be normal. Concentric circular machining marks on the flat ring are visible and are considered normal post-processing artifacts.

Upon examining the image, I do not see any visible casting defects on the outer rim (perimeter) of the impeller. There are no burrs, flash, chipping, material loss, irregular outer profiles, surface cracks, or pitting on the cast face. The surface condition appears to be acceptable for use.

Based on the visible features, this part should not be rejected. It appears to be in good condition and ready for use."
L1_llama_awq_w4a16_domain,202,Decision Support Query,analyze_image,5310.11,,"The image provided is a top-view of a cast submersible pump impeller. The visible surface finish appears to be smooth with no visible cracks or pitting on the cast face. There are concentric circular machining marks on the flat ring, which are normal post-processing artifacts and not defects. The dark area in the center is a normal THROUGH-HOLE BORE, which is an opening through the part. This is not a defect and does not indicate overheating, void, corrosion, wear, or material loss.

The outer rim of the impeller is where casting defects are likely to be found. However, without more information or a clearer image, it is not possible to definitively identify any defects. The image does not show any burrs, flash, chipping, material loss, irregular outer profile, or surface cracks on the visible part of the cast face. Therefore, based on the visible features, the part appears to pass quality inspection."
L1_llama_awq_w4a16_domain,203,Decision Support Query,analyze_image,4026.68,,"The image provided is a black and white photograph of the back face of a cast submersible pump impeller. The vanes are not visible in this view, and the through-hole bore is centered and appears normal. The concentric circular machining marks on the flat ring are normal post-processing artifacts and not cracks or scratches.

Upon examining the image, I do not see any visible casting defects on the outer rim (perimeter) that would indicate burrs, flash, chipping, material loss, irregular outer profile, surface cracks, or pitting on the cast face. The part appears to be acceptable for use based on the visible features in this image."
L1_llama_awq_w4a16_domain,204,Decision Support Query,analyze_image,5075.15,,"Based on the image provided, the following observations can be made:

1. The central through-hole bore is a normal feature and not a defect. It is a circular opening through the center of the impeller, which is typical for this type of component.

2. The concentric circular machining marks on the flat ring are normal post-processing artifacts and not cracks or scratches. These marks are a result of the machining process and do not indicate any material loss or damage.

3. There are no visible casting defects on the outer rim (perimeter) of the impeller. There are no burrs, flash, chipping, material loss, irregular outer profiles, surface cracks, or pitting on the cast face.

Given the absence of any visible casting defects, this impeller would be considered acceptable for use. The part appears to be free of any material-related issues that would compromise its performance or safety."
L1_llama_awq_w4a16_domain,205,Decision Support Query,analyze_image,4099.14,,"Based on the image provided, the cast submersible pump impeller appears to be in good condition. There are no visible casting defects on the outer rim, such as burrs, flash, chipping, material loss, irregular outer profile, surface cracks, or pitting. The concentric circular machining marks on the flat ring are normal post-processing artifacts and not cracks or scratches. The dark area in the center is a normal through-hole bore, which is an opening through the part. It is not a defect and does not indicate overheating, void, corrosion, wear, or material loss.

Given the absence of any visible defects, I would recommend accepting this part."
L1_llama_awq_w4a16_domain,1,Data Query,analyze_image,1590.52,,"There are four distinct power transformer units visible across the four panels (TL, TR, BL, BR) of this image."
L1_llama_awq_w4a16_domain,6,Anomaly Detection Query,analyze_image,6455.63,,"The image provided shows four panels of transformer or substation equipment. Upon inspection, I can identify the following visible signs of weathering, ageing, or wear:

1. Top left panel: There are rust streaks on the metal structures, particularly noticeable on the right side of the image. The paint appears to be faded, and there is dirt accumulation on the lower part of the structure.

2. Top right panel: The metal structures show signs of rust, with streaks visible on the left side of the image. The paint is also faded, and there is dirt accumulation on the lower part of the structure.

3. Bottom left panel: The metal structures show signs of rust, with streaks visible on the left side of the image. The paint is also faded, and there is dirt accumulation on the lower part of the structure.

4. Bottom right panel: The metal structures show signs of rust, with streaks visible on the left side of the image. The paint is also faded, and there is dirt accumulation on the lower part of the structure.

Based on the visible features, the bottom right panel appears to show the most aged equipment. The rust streaks and dirt accumulation are more pronounced on the metal structures, and the paint is more faded compared to the other panels."
L1_llama_awq_w4a16_domain,9,Knowledge Query,analyze_image,3780.49,,"The lighting conditions in the image are as follows:

1. Top left panel: The lighting appears to be daylight, with natural light illuminating the transformer and substation equipment.
2. Top right panel: The lighting is overcast, with a cloudy sky suggesting a lack of direct sunlight.
3. Bottom left panel: The lighting is daylight, with the sun shining directly on the equipment, creating a bright and well-lit scene.
4. Bottom right panel: The lighting is overcast, similar to the top right panel, with a cloudy sky and diffused light.

These descriptions are based on the visible features of the lighting conditions in each panel."
L1_llama_awq_w4a16_domain,10,Decision Support,analyze_image,3293.3,,"Based on the visible features in the image, I would prioritize the top left panel for a maintenance walk-down today. The reason for this choice is that there appears to be a significant amount of oil leakage or spillage on the ground directly below the transformer. This could indicate a potential issue with the transformer's internal components, such as a damaged bushing or a malfunctioning seal. Addressing this issue promptly is important to prevent further damage and potential safety hazards. The other panels do not show any visible anomalies that would require immediate attention."
L1_llama_awq_w4a16_domain,14,Complex Query,analyze_image,3337.8,,"The image provided appears to be a standard RGB photograph rather than thermal or infrared imagery. The visible features in the image do not show any anomalies such as oil leaks, corona discharge marks, bushing damage, thermal hotspots, corrosion, or cracked insulators. The equipment looks to be in good condition, and there are no visible signs of malfunction or damage. The colors and lighting in the image are consistent with what one would expect from a standard photograph, and there are no unusual patterns or coloration that would suggest a thermal or infrared image."
L1_llama_awq_w4a16_domain,20,Prediction,analyze_image,3015.16,,"Based on the visual inspection of the transformer/substation equipment across the four panels, there are no visible anomalies such as oil leaks, corona discharge marks, bushing damage, thermal hotspots, corrosion, or cracked insulators. The equipment appears to be in good condition, and there is no indication that maintenance is required within the next six months. The absence of any visible signs of wear or damage suggests that the equipment is functioning properly and does not require immediate attention."
L1_llama_awq_w4a16_domain,301,Anomaly Detection Query,analyze_image,2253.12,,"No, there is no visible damage, erosion, or surface defect on the wind turbine blade in the image. The surface appears to be smooth and uniform, with no cracks, peeling layers, or other signs of damage."
L1_llama_awq_w4a16_domain,302,Anomaly Detection Query,analyze_image,3308.55,,"Yes, there is visible damage on the wind turbine blade. The leading edge of the blade appears to be eroded, with a rough texture and uneven surface. There are also visible cracks and peeling layers on the surface, particularly noticeable on the right side of the blade. The gelcoat is not uniformly smooth, and there are areas where it seems to be delaminating or peeling. The damage is most pronounced on the leading edge and the right side of the blade."
L1_llama_awq_w4a16_domain,303,Inference Query,analyze_image,3271.4,,"The wind turbine blade in the image appears to be in good condition with no visible signs of damage or defects. The surface is smooth and uniform, with no cracks, erosion, or surface damage. The gelcoat appears to be intact and there are no signs of coating loss or delamination. The blade is straight and there are no visible deformations or irregularities. The image does not show any specific defect locations, as the blade appears to be in pristine condition."
L1_llama_awq_w4a16_domain,304,Inference Query,analyze_image,1817.46,,"The visible damage on the wind turbine blade is located on the leading edge, specifically at the 12 o'clock position."
L1_llama_awq_w4a16_domain,305,Decision Support Query,analyze_image,2079.36,,"The overall structural condition of the wind turbine blade appears to be fair, as there are visible signs of wear and damage, such as surface cracks and potential delamination, which could impact its performance and longevity."
L1_llama_awq_w4a16_domain,503,Condition Assessment,analyze_image,3209.0,,"Based on the thermal image provided, the overall condition of the induction motor appears to be degraded. The hotspots are concentrated on the top and right side of the motor, which could indicate that the motor is experiencing overheating or has been subjected to high temperatures for an extended period. This can lead to reduced efficiency, increased wear and tear, and potential damage to the motor's internal components. The presence of hotspots in the motor housing and the area around the motor suggests that the cooling system may not be functioning optimally or that the motor is being overloaded. It is important to address these issues to prevent further degradation and potential failure of the motor."
L1_llama_awq_w4a16_domain,507,Custom,analyze_image,8783.24,,"The image provided appears to be a thermal image of an industrial motor, likely an induction motor. The coloration in the image is indicative of temperature variations, with warmer areas in red and cooler areas in blue.

From the visible features, there are several areas that could be considered for potential faults or thermal anomalies:

1. Top Center: There is a bright red area at the top center of the motor, which could indicate a hot spot or a fault. This could be a sign of overheating or a malfunctioning component.

2. Right Side: There is a pinkish-red area on the right side of the motor, which could be a thermal anomaly or a sign of a fault. This could be a bearing, a seal, or another component that is experiencing heat.

3. Left Side: There is a cooler area on the left side of the motor, which is a good sign as it suggests that the motor is not overheating in this area.

4. Bottom Center: There is a cooler area at the bottom center of the motor, which is also a good sign as it indicates that the motor is not overheating in this area.

5. Left Side: There is a cooler area on the left side of the motor, which is a good sign as it indicates that the motor is not overheating in this area.

6. Right Side: There is a cooler area on the right side of the motor, which is a good sign as it indicates that the motor is not overheating in this area.

7. Top Center: There is a cooler area at the top center of the motor, which is a good sign as it indicates that the motor is not ov"
L1_llama_awq_w4a16_domain,509,Custom,analyze_image,1925.73,,"The image provided is a thermal image of an industrial motor. The temperature distribution pattern appears to be relatively uniform across the motor, with no visible hotspots. The motor is centered in the image, and the temperature is consistent throughout the visible area. There are no distinct areas of higher or lower temperatures that can be discerned from this image."
L1_llama_awq_w4a16_domain,510,Custom,analyze_image,2041.23,,"The thermal image shows a motor with a non-uniform temperature distribution. The hottest part of the motor is located at approximately the 12 o'clock position, with a bright orange color indicating a high temperature. This suggests that the motor is experiencing a hot spot at this location. The rest of the motor appears to have a cooler temperature, with the cooler areas being more towards the 6 o'clock position and the edges of the motor. There are no other hotspots visible in the image."
L1_llama_awq_w4a16_domain,515,Custom,analyze_image,3131.6,,"Based on the image provided, it is not possible to definitively determine the source of a fault in the motor. The image is a thermal image showing a color gradient, which indicates temperature variations across the motor. However, it does not provide specific information about the location of the motor's components or the condition of the stator windings, rotor, or cooling fan.

To identify the source of a fault in a motor, one would typically look for signs of overheating, excessive vibration, or unusual noises. These are often indicators of a problem with the stator windings, rotor, or cooling fan. However, without a clear view of the motor's components or additional context, it is not possible to provide a precise answer based on the image alone."
L1_llama_awq_w4a16_domain,517,Custom,analyze_image,4024.66,,"Based on the thermal image provided, the motor appears to have a hot spot on the right side, which is a common indicator of overheating. This could be due to a malfunctioning component, insufficient cooling, or an obstruction in the cooling system. The hot spot is located roughly at the 3 o'clock position.

Given the presence of a hot spot, it is advisable to shut down the motor immediately to prevent further damage or potential safety hazards. Overheating can lead to mechanical failure, electrical issues, or even a fire hazard. Scheduled maintenance should be conducted to identify and address the root cause of the overheating issue. This may involve checking for blockages in the cooling system, ensuring proper fluid levels, or replacing damaged components. Once the issue is resolved, the motor can be safely restarted and monitored for any further signs of overheating."
L1_llama_awq_w4a16_generic,201,Decision Support Query,analyze_image,8589.81,,"The casting image provided shows a submersible pump impeller viewed from the back face (hub side). The vanes are on the opposite face and are not visible in this view. The dark area in the center is a normal THROUGH-HOLE BORE, which is an opening through the part. It is not a defect; it is not overheating, not a void, not corrosion, not wear, and not material loss.

The concentric circular machining marks on the flat ring are normal post-processing artifacts and are not cracks or scratches. These marks are not defects and do not indicate any issues with the casting process.

There are no visible casting defects on the outer rim (perimeter) of the impeller in this view. There are no burrs, flash, chipping, material loss, irregular outer profiles, surface cracks, or pitting on the cast face. The surface condition appears to be normal, and there are no visible defects that would cause the part to be rejected.

Based on the visible features in the image, this part appears to be acceptable for use."
L1_llama_awq_w4a16_generic,202,Decision Support Query,analyze_image,4394.39,,"The image shows a cast submersible pump impeller viewed from the back face (hub side). The vanes are on the opposite face and are not visible in this view. The visible features include the through-hole bore in the center, which is a normal feature and not a defect. The concentric circular machining marks on the flat ring are also normal post-processing artifacts and not cracks or scratches.

There are no visible casting defects on the outer rim (perimeter) of the impeller. The surface finish appears to be smooth with no signs of burrs, flash, chipping, material loss, irregular outer profile, surface cracks, or pitting. The part passes quality inspection based on the visible features in this top-view image."
L1_llama_awq_w4a16_generic,203,Decision Support Query,analyze_image,4040.59,,"Based on the visible features in the image, the casting appears to be acceptable for use. There are no visible defects on the outer rim or the center that would indicate overheating, voids, corrosion, wear, or material loss. The concentric circular machining marks on the flat ring are normal post-processing artifacts and not cracks or scratches. The dark area in the center is a normal THROUGH-HOLE BORE, which is not a defect. The vanes are not visible in this view, so their condition cannot be assessed. The casting appears to be in good condition and should not be rejected based on the visible features in the image."
L1_llama_awq_w4a16_generic,204,Decision Support Query,analyze_image,5195.5,,"Based on the visible features in the image, the following observations can be made:

1. The dark area in the center is a normal THROUGH-HOLE BORE, which is not a defect. It is not overheating, not a void, not corrosion, not wear, and not material loss.

2. Concentric circular machining marks on the flat ring are normal post-processing artifacts, not cracks or scratches. These are not defects.

3. There are no visible casting defects on the outer rim (perimeter) of the impeller. There are no burrs, flash, chipping, material loss, irregular outer profiles, surface cracks, or pitting on the cast face.

Based on the visible features, this part appears to be acceptable. There are no visible casting defects that would warrant rejection. However, it is important to note that a thorough inspection would require a 360-degree view to ensure all potential defects are identified."
L1_llama_awq_w4a16_generic,205,Decision Support Query,analyze_image,4957.77,,"Based on the visible features in the top-view image of the cast submersible pump impeller, the following observations can be made:

1. The dark area in the center is a normal THROUGH-HOLE BORE, which is not a defect. It is not overheating, not a void, not corrosion, not wear, and not material loss.

2. Concentric circular machining marks on the flat ring are normal post-processing artifacts, not cracks or scratches.

3. There are no visible burrs, flash, chipping, material loss, irregular outer profiles, surface cracks, or pitting on the cast face.

4. The outer rim appears to be in good condition with no visible defects.

Based on these observations, the part appears to be in good condition with no visible defects. It would be acceptable for use in a cast submersible pump impeller."
L1_llama_awq_w4a16_generic,1,Data Query,analyze_image,3346.51,,"The image shows four distinct power transformer units, each with a different set of visible features. The top left panel (TL) shows signs of oil leaks, corona discharge marks, and bushing damage. The top right panel (TR) displays thermal hotspots, corrosion, and cracked insulators. The bottom left panel (BL) reveals signs of oil leaks, corona discharge marks, and bushing damage. The bottom right panel (BR) shows signs of oil leaks, corona discharge marks, and bushing damage."
L1_llama_awq_w4a16_generic,6,Anomaly Detection Query,analyze_image,1012.7,,
L1_llama_awq_w4a16_generic,9,Knowledge Query,analyze_image,4837.07,,"The lighting conditions in the four panels of the image are as follows:

1. Top left panel: The lighting appears to be overcast, with a diffuse, even illumination of the transformer and substation equipment.
2. Top right panel: The lighting is similar to the top left panel, with an overcast sky providing a diffuse illumination of the equipment.
3. Bottom left panel: The lighting is more dramatic, with a mix of daylight and shadows. The sun is shining directly on the transformer, creating a bright spot and casting shadows on the surrounding equipment.
4. Bottom right panel: The lighting is similar to the bottom left panel, with a mix of daylight and shadows. The sun is shining directly on the transformer, creating a bright spot and casting shadows on the surrounding equipment.

These lighting conditions suggest that the images were taken during the day, with the sun at different angles and positions in the sky."
L1_llama_awq_w4a16_generic,10,Decision Support,analyze_image,3832.54,,"Based on the visible features in the image, I would prioritize the top left panel for a maintenance walk-down today. The reason for this is that there appears to be a slight discoloration or staining on the transformer, which could indicate a potential issue such as an oil leak or a thermal hotspot. This panel is also located at the top of the structure, which is a common area for maintenance access. Additionally, the top left panel is the only one that shows a clear view of the transformer's surface, making it easier to inspect for any anomalies. The other panels are partially obscured by shadows or other equipment, which would make it more challenging to inspect them thoroughly."
L1_llama_awq_w4a16_generic,14,Complex Query,analyze_image,2597.59,,"The images provided are regular RGB photographs, not thermal or infrared imagery. There are no visible anomalies such as oil leaks, corona discharge marks, bushing damage, thermal hotspots, corrosion, or cracked insulators. The equipment appears to be in good condition based on the visible features in the images. The colors and lighting suggest that the equipment is functioning normally."
L1_llama_awq_w4a16_generic,20,Prediction,analyze_image,1045.58,,
L1_llama_awq_w4a16_generic,301,Anomaly Detection Query,analyze_image,2236.41,,"No, there is no visible damage, erosion, or surface defect on the wind turbine blade in the image. The surface appears smooth and uniform, with no cracks, peeling layers, or other signs of damage."
L1_llama_awq_w4a16_generic,302,Anomaly Detection Query,analyze_image,3701.3,,"Yes, there is visible damage on the wind turbine blade. The leading edge of the blade appears to have some erosion, with a rough texture and uneven coloration. There are also some surface cracks and a peeling layer on the right side of the blade, which is visible at approximately 3 o'clock. Additionally, there is a section of the blade that seems to have experienced a lightning strike, with a darker, charred area near the top edge. The gelcoat on the left side of the blade appears to be intact and smooth, indicating no visible delamination."
L1_llama_awq_w4a16_generic,303,Inference Query,analyze_image,2365.78,,"The wind turbine blade in the image appears to have a smooth and uniform surface with no visible signs of damage or defects. There are no cracks, erosion, surface damage, or coating loss visible in the image. The blade's surface condition looks normal and undamaged."
L1_llama_awq_w4a16_generic,304,Inference Query,analyze_image,1809.16,,"The visible damage on the wind turbine blade is located on the leading edge, specifically at the 12 o'clock position."
L1_llama_awq_w4a16_generic,305,Decision Support Query,analyze_image,2309.43,,"Based on the visible features in the image, the overall structural condition of the wind turbine blade appears to be fair, as there are no obvious signs of damage or defects such as leading-edge erosion, surface cracks, lightning strike damage, or gelcoat delamination."
L1_llama_awq_w4a16_generic,503,Condition Assessment,analyze_image,3139.96,,"Based on the thermal image provided, I would rate the overall condition of the induction motor as degraded. The motor is emitting a significant amount of heat, which is indicated by the bright orange and red areas surrounding the motor. These hot spots suggest that the motor is not operating at optimal efficiency and could be experiencing some form of mechanical or electrical issue. The heat distribution is not uniform, with some areas being much hotter than others, which is not typical for a healthy motor. This uneven heat distribution could indicate a problem with the motor's internal components, such as the windings or bearings, which could lead to further degradation if not addressed."
L1_llama_awq_w4a16_generic,507,Custom,analyze_image,2283.95,,"Based on the image provided, the industrial equipment appears to be an induction motor. There are no visible signs of a fault or thermal anomalies that can be confidently described. The image is predominantly purple, which suggests it may be a thermal image or a photo taken with a specific filter that highlights certain features. However, without additional context or a clearer image, it is not possible to provide a detailed analysis of the equipment's condition."
L1_llama_awq_w4a16_generic,509,Custom,analyze_image,2597.58,,"The image provided is a thermal image of an industrial motor, and it appears to be a single color, possibly purple, which is indicative of a temperature distribution pattern. However, without a reference point or scale, it is not possible to accurately determine the temperature distribution pattern across the motor. The image does not provide enough information to assess the uniformity of the temperature distribution or the presence of hotspots. To accurately assess the temperature distribution, a thermal image with a scale and reference points would be necessary."
L1_llama_awq_w4a16_generic,510,Custom,analyze_image,1417.66,,"In the thermal image provided, the temperature distribution across the motor appears to be relatively uniform, with no obvious hotspots. The motor is illuminated with a bright orange glow, indicating that it is operating and generating heat. The heat is distributed evenly across the motor, suggesting that it is functioning properly and not experiencing any significant temperature imbalances."
L1_llama_awq_w4a16_generic,515,Custom,analyze_image,3136.1,,"Based on the image provided, it is not possible to definitively determine the source of a fault in the motor. The image shows a motor with a pinkish hue, which could indicate a temperature issue, but it does not provide enough detail to identify the specific component that might be faulty.

To diagnose a fault in a motor, one would typically look for signs of overheating, such as discoloration, warping, or melting of the stator or rotor, or damage to the cooling fan. However, without a clearer image or additional context, it is not possible to provide a precise answer to the question. If there is a fault, it would be necessary to perform a more detailed inspection or use diagnostic tools to identify the source of the issue."
L1_llama_awq_w4a16_generic,517,Custom,analyze_image,613.52,,Based
L3_llama_image_512,201,Decision Support Query,analyze_image,12835.21,,"Based on the image provided, the casting appears to be in good condition. There are no visible defects on the back face (hub side) of the impeller that would indicate overheating, voids, corrosion, wear, or material loss. The dark area in the center is a normal through-hole bore, and the concentric circular machining marks on the flat ring are normal post-processing artifacts.

The outer rim (perimeter) of the casting is smooth and there are no visible burrs, flash, chipping, material loss, irregular outer profile, surface cracks, or pitting. The casting appears to be of a high quality and would be acceptable for use."
L3_llama_image_512,202,Decision Support Query,analyze_image,9402.72,,"The image shows a cast submersible pump impeller viewed from the back face (hub side). The vanes are not visible in this view. The dark area in the center is a normal through-hole bore, which is not a defect. Concentric circular machining marks on the flat ring are normal post-processing artifacts and not cracks or scratches.

On the outer rim (perimeter), there are no visible burrs, flash, chipping, material loss, irregular outer profile, surface cracks, or pitting. The surface finish appears to be smooth and even, with no visible defects. This part would pass quality inspection based on the visible features in the image."
L3_llama_image_512,203,Decision Support Query,analyze_image,11854.27,,"Based on the image provided, the casting appears to be acceptable for use. There are no visible defects on the back face (hub side) that would indicate overheating, voids, corrosion, wear, or material loss. The dark area in the center is a normal through-hole bore, and the concentric circular machining marks are normal post-processing artifacts.

However, it is important to note that the vanes are not visible in this view, and a thorough inspection would require a view of the opposite face to assess the vanes and the overall quality of the casting. Additionally, a thorough inspection would also require checking the outer rim for burrs, flash, chipping, material loss, irregular outer profile, and surface cracks or pitting on the cast face. If any of these defects are present on the outer rim, the casting would need to be rejected."
L3_llama_image_512,204,Decision Support Query,analyze_image,18063.23,,"Based on the image provided, the following casting defects are visible on the OUTER RIM (perimeter) of the impeller:

1. Burrs / Flash: There are jagged or excess material along the outer edge, particularly at the 9-10 o'clock position. This is a common defect where material has escaped the mold parting line.

2. Irregular Outer Profile: The outer edge of the impeller is not perfectly circular, with a slight irregularity at the 11-12 o'clock position. This is not a defect in itself but could be a concern depending on the specifications for the part.

3. Surface Cracks or Pitting: There are small cracks or pitting on the cast face, particularly at the 7-8 o'clock position. These are surface imperfections that could be a concern for the structural integrity of the part.

As for the THROUGH-HOLE BORE, it is a normal feature and not a defect. The concentric circular machining marks on the flat ring are normal post-processing artifacts and not cracks or scratches.

Based on the visible defects, I would recommend rejecting this part. The burrs and irregular outer profile are significant enough to warrant rejection, and the surface cracks or pitting could compromise the structural integrity of the part. It is important to ensure that all parts meet the required specifications for quality and safety."
L3_llama_image_512,205,Decision Support Query,analyze_image,12480.74,,"Based on the visible features in the top-view image of the cast submersible pump impeller, the following observations can be made:

1. The dark area in the center is a normal THROUGH-HOLE BORE, which is not a defect. It is not overheating, not a void, not corrosion, not wear, and not material loss.

2. Concentric circular machining marks on the flat ring are normal post-processing artifacts, not cracks or scratches.

3. The outer rim (perimeter) appears to be free of burrs, flash, chipping, material loss, irregular outer profile, surface cracks, or pitting. There are no visible defects in the clock positions or compass directions.

Given that there are no visible defects on the outer rim, and the center is a normal through-hole bore, the part appears to be in good condition. Therefore, it would be recommended to accept the part."
L3_llama_image_512,1,Data Query,analyze_image,2577.95,,"There are four distinct power transformer units visible across the four panels (TL, TR, BL, BR) of this image."
L3_llama_image_512,6,Anomaly Detection Query,analyze_image,14995.58,,"Upon examining the four panels, I can provide the following observations:

1. Top left (TL): There are no visible signs of weathering, ageing, or wear. The equipment appears to be in good condition.

2. Top right (TR): The equipment shows signs of weathering and ageing. There are rust streaks on the metal structures, and the paint appears to be faded in some areas. The equipment in the top right panel seems to be the most aged among the four.

3. Bottom left (BL): The equipment in this panel also shows signs of weathering and ageing. There are rust streaks on the metal structures, and the paint appears to be faded in some areas. The equipment in the bottom left panel is less aged than the top right panel but still shows signs of wear.

4. Bottom right (BR): The equipment in this panel appears to be in good condition, similar to the top left panel. There are no visible signs of weathering, ageing, or wear.

Based on the visible features, the top right panel (TR) shows the most aged equipment due to the rust streaks and faded paint."
L3_llama_image_512,9,Knowledge Query,analyze_image,6426.96,,"The lighting conditions in the image vary across the four panels:

1. Top left: The lighting appears to be daylight with some cloud cover, suggesting an overcast day.
2. Top right: The lighting is similar to the top left panel, indicating daylight with some cloud cover.
3. Bottom left: The lighting is more subdued, suggesting either dusk or overcast conditions.
4. Bottom right: The lighting is bright, indicating daylight conditions."
L3_llama_image_512,10,Decision Support,analyze_image,17887.82,,"Based on the visible features in the image, I would prioritize the top left panel for a maintenance walk-down today. This panel shows signs of potential issues such as:

1. Oil Leaks: There appears to be a visible oil leak on the left side of the panel, which could indicate a problem with the transformer or substation equipment.

2. Corona Discharge Marks: There are visible corona discharge marks on the top left side of the panel, which could be indicative of electrical issues or potential arcing.

3. Bushing Damage: The top left side of the panel also shows signs of possible bushing damage, which could be a concern for the integrity of the equipment.

4. Thermal Hotspots: The top left side of the panel has a darker area that could be indicative of a thermal hotspot, which could be a sign of overheating or other temperature-related issues.

5. Corrosion: There are areas of corrosion visible on the top left side of the panel, which could be a concern for the structural integrity of the equipment over time.

6. Cracked Insulators: The top left side of the panel also shows signs of possible cracked insulators, which could be a concern for the electrical integrity of the equipment.

These visible features suggest that the top left panel would be the most critical for a maintenance walk-down today to address any potential issues before they escalate."
L3_llama_image_512,14,Complex Query,analyze_image,11616.32,,"The image provided appears to be a regular RGB photograph rather than thermal or infrared imagery. There are no visible thermal hotspots or infrared cues that would indicate the equipment is operating at an elevated temperature.

From the visible features in the image, the transformer and substation equipment seem to be in good condition. There are no visible oil leaks, corona discharge marks, bushing damage, or cracked insulators. The insulators appear to be intact, and there is no visible corrosion or damage to the transformer or substation components.

The equipment is situated in an outdoor environment with trees and buildings in the background. The sky is overcast, which might suggest that the equipment is not currently in operation or that the photo was taken during a period of low activity. However, without additional context or information, it is not possible to definitively determine the operational state of the equipment."
L3_llama_image_512,20,Prediction,analyze_image,6157.36,,"Based on the visual inspection of the transformer/substation equipment across the four panels, there are no visible anomalies such as oil leaks, corona discharge marks, bushing damage, thermal hotspots, corrosion, or cracked insulators. The equipment appears to be in good condition and does not show any signs of immediate maintenance requirements. Therefore, it is likely that the equipment does not require maintenance within the next six months."
L3_llama_image_512,301,Anomaly Detection Query,analyze_image,4075.92,,"No, there is no visible damage, erosion, or surface defect on this wind turbine blade. The surface appears smooth and uniform, with no cracks, peeling layers, or other signs of damage."
L3_llama_image_512,302,Anomaly Detection Query,analyze_image,7513.95,,"Yes, there is visible damage on the wind turbine blade. The leading edge of the blade appears to be eroded, with a rough texture and uneven surface. There are also surface cracks visible, particularly on the upper part of the blade, extending from the center towards the edge. The gelcoat is not uniformly smooth, and there are areas where it seems to be peeling or delaminating. The damage is most noticeable on the upper part of the blade, with the leading edge showing the most severe erosion."
L3_llama_image_512,303,Inference Query,analyze_image,4826.47,,"The surface of the wind turbine blade appears to be in good condition with no visible cracks, erosion, or surface damage. The gelcoat is uniform and there are no signs of coating loss or peeling layers. The blade's surface is smooth and continuous, with no noticeable defects or irregularities."
L3_llama_image_512,304,Inference Query,analyze_image,4147.05,,"The visible damage on the wind turbine blade is located on the surface center, specifically at the 12 o'clock position. The damage appears as a crack or a peeling layer, which could be indicative of gelcoat delamination."
L3_llama_image_512,305,Decision Support Query,analyze_image,7538.13,,"Based on the visual appearance of the wind turbine blade in the image, I would rate its overall structural condition as fair. The blade shows some signs of wear and possible damage, such as a slightly uneven surface and a few small, dark spots that could be indicative of surface cracks or gelcoat delamination. However, there are no obvious signs of severe damage or structural compromise, such as large cracks or significant peeling of the gelcoat. The leading edge appears to be intact, and the surface texture seems generally uniform."
L3_llama_image_512,503,Condition Assessment,analyze_image,12970.68,,"Based on the thermal image provided, the overall condition of the induction motor appears to be degraded. The motor is emitting a significant amount of heat, which is indicated by the bright orange and red areas in the image. These hot spots suggest that the motor is operating at a higher temperature than it should be, which can lead to reduced efficiency, increased wear and tear, and potentially a shorter lifespan.

The heat distribution is not uniform, with the hottest areas concentrated on the right side of the motor, which could indicate a problem with the cooling system or a mechanical issue. The cooler areas on the left side suggest that the motor is not uniformly heated, which could be a sign of a problem with the windings or the cooling system.

The presence of hot spots and uneven heat distribution are indicative of a motor that is not operating optimally. Therefore, I would rate the overall condition of this induction motor as degraded. It is important to address the issues causing the heat buildup to prevent further damage and ensure the motor operates safely and efficiently."
L3_llama_image_512,507,Custom,analyze_image,9389.98,,"Based on the image provided, the industrial equipment appears to be an induction motor. The motor is shown in a side view, and the image is taken from a perspective that allows us to see the side of the motor housing and part of the rotor.

There are no visible signs of a fault or thermal anomalies in the image. The motor appears to be intact with no visible damage or unusual features that would indicate a fault. The coloration in the image is likely due to the lighting conditions or the camera's settings, and it does not correspond to any specific defect or anomaly in the motor itself. The motor's housing and rotor appear to be in good condition, and there are no visible signs of overheating or other thermal issues."
L3_llama_image_512,509,Custom,analyze_image,3982.38,,"Based on the thermal image provided, the temperature distribution across the motor appears to be relatively uniform. There are no hotspots or areas of significantly higher temperature visible in the image. The temperature seems to be consistent across the entire motor, with no distinct areas of higher or lower heat."
L3_llama_image_512,510,Custom,analyze_image,5047.47,,"In the thermal image provided, the temperature distribution across the motor appears to be relatively uniform, with no obvious hotspots. The motor is predominantly illuminated in a yellow-orange hue, indicating a consistent heat emission. There are no areas that stand out as significantly hotter than the rest, suggesting that the motor is operating within a normal temperature range. The image does not show any specific defect locations or areas of concern."
L3_llama_image_512,515,Custom,analyze_image,9968.77,,"Based on the image provided, it is not possible to definitively determine the source of a fault in the motor. The image is a thermal image showing the temperature distribution of the motor, but it does not provide information about the specific components or their functionality. The colors in the image represent different temperatures, but without a reference point or scale, it is not possible to accurately identify which component might be the source of a fault.

To diagnose a fault in a motor, one would typically look for signs of overheating, unusual noises, or physical damage. These are often indicators of a problem with the stator windings, rotor, or cooling fan. However, without a clear view of the motor's components or a thermal image with a reference point, it is not possible to provide a specific answer to the question."
L3_llama_image_512,517,Custom,analyze_image,10352.6,,"Based on the thermal image provided, the motor appears to be operating within normal temperature ranges. There are no visible hotspots or areas of significantly elevated temperature that would indicate a need for immediate shutdown or maintenance. The motor seems to be functioning normally, and there is no clear indication of a defect or a potential issue that would require immediate attention.

However, it is important to note that thermal imaging is a tool to detect temperature variations, but it does not provide a complete assessment of the motor's condition. A thorough inspection, including checking for any signs of wear, vibration, or other mechanical issues, would be necessary to make a more informed decision about the motor's operation. If there are any concerns about the motor's performance or safety, it is always best to consult with a professional technician for a comprehensive assessment."
L2_full_bundle,201,Decision Support Query,analyze_image,3826.65,,addCriterion
L2_full_bundle,202,Decision Support Query,analyze_image,509.48,,addCriterioning
L2_full_bundle,203,Decision Support Query,analyze_image,759.48,,addCriterion the provided image of of.
L2_full_bundle,204,Decision Support Query,analyze_image,581.9,,The
L2_full_bundle,205,Decision Support Query,analyze_image,411.08,,addCriterioning
L2_full_bundle,1,Data Query,analyze_image,3870.1,,"Analyzing the provided images for anomalies such as gas leaks, corona discharge marks, bushing damage, thermal hotspots, corrosion, and insulator cracks in the transformer station the four panels (TL, TR, BL, BR), Here the following features of the image:"
L2_full_bundle,6,Anomaly Detection Query,analyze_image,4318.93,,"Certainly! Below is are some of the visual for image anomalies and image leaks in the image panels the user grounded image the image the compass directions. Be example four panels for image the weather, age, wash wear (weather, age age (st streak trace, fade paint, dirt accumulation. Which What the image aged equipment?"
L2_full_bundle,9,Knowledge Query,analyze_image,1537.99,,"Analyzing the providede images images for anye anomaieusy,"
L2_full_bundle,10,Decision Support,analyze_image,1089.43,,"Certainly! Here

 addCriterion:"
L2_full_bundle,14,Complex Query,analyze_image,6461.47,,"Analyzing the provided images panels for potential indicative of of of thermal or or, it is appears not, but the following can the image of does the image the the image image the the image image the the image image the the image image the the image image the the image image the the image image the the image image the the image image the the image image the the image image the the image image the the image image the the image image the the image image the the image image the the image image the the image image"
L2_full_bundle,20,Prediction,analyze_image,1923.03,,"Based on the provided images, here’s an analysis of the transformer station station:


 自动生成"
L2_full_bundle,301,Anomaly Detection Query,analyze_image,1156.78,,The
L2_full_bundle,302,Anomaly Detection Query,analyze_image,1127.43,,The
L2_full_bundle,303,Inference Query,analyze_image,4196.72,,The
L2_full_bundle,304,Inference Query,analyze_image,3157.4,,The
L2_full_bundle,305,Decision Support Query,analyze_image,4224.76,,The
L2_full_bundle,503,Condition Assessment,analyze_image,968.89,,"The




 addCriterion"
L2_full_bundle,507,Custom,analyze_image,1146.25,,"The




 !***"
L2_full_bundle,509,Custom,analyze_image,523.02,,"The
 addCriterion"
L2_full_bundle,510,Custom,analyze_image,467.8,,"The
 addCriterion"
L2_full_bundle,515,Custom,analyze_image,480.3,,"The

 addCriterion"
L2_full_bundle,517,Custom,analyze_image,1257.61,,It seems like you you the image you image the image the image the image the image the image
L2_llama_full_bundle,201,Decision Support Query,analyze_image,14627.14,,"The casting image provided shows a submersible pump impeller with a focus on the back face (hub side). The visible features are as follows:

1. The dark area in the center is a normal through-hole bore, which is not a defect.
2. Concentric circular machining marks on the flat ring are normal post-processing artifacts, not cracks or scratches.
3. The outer rim (perimeter) appears to be free of burrs, flash, chipping, material loss, irregular outer profile, surface cracks, or pitting.

Based on the visible features, the casting appears to be in good condition and acceptable for use. There are no visible defects that would indicate overheating, voids, corrosion, wear, or material loss. The machining marks are not a concern as they are normal post-processing artifacts. The casting looks to be of good quality and can be used without any reservations."
L2_llama_full_bundle,202,Decision Support Query,analyze_image,9581.51,,"The image shows a cast submersible pump impeller viewed from the back face (hub side). The vanes are not visible in this view. The dark area in the center is a normal through-hole bore, which is not a defect. Concentric circular machining marks on the flat ring are normal post-processing artifacts and not cracks or scratches.

On the outer rim (perimeter), there are no visible burrs, flash, chipping, material loss, irregular outer profile, or surface cracks or pitting. The surface finish appears to be smooth and even, with no visible defects that would fail quality inspection. This part would pass quality inspection based on the visible features in the image."
L2_llama_full_bundle,203,Decision Support Query,analyze_image,11624.84,,"Based on the image provided, the casting appears to be acceptable for use. There are no visible defects on the back face (hub side) that would indicate overheating, voids, corrosion, wear, or material loss. The dark area in the center is a normal through-hole bore, and the concentric circular machining marks are normal post-processing artifacts.

However, it is important to note that the vanes are not visible in this view, and a thorough inspection should be conducted on all sides of the impeller to ensure there are no defects on the vanes or the outer rim. Common defect types such as burrs, flash, chipping, irregular outer profile, and surface cracks or pitting should be inspected for on the vanes and the outer rim. If any of these defects are found, the casting would need to be rejected or repaired."
L2_llama_full_bundle,204,Decision Support Query,analyze_image,15072.77,,"Based on the image provided, the following casting defects are visible on the OUTER RIM (perimeter) of the impeller:

1. Burrs / Flash: There are jagged or excess material along the outer edge, particularly at the 9-10 o'clock position. This is a defect as it indicates material escaping the mold parting line.

2. Irregular Outer Profile: The outer edge of the impeller is not perfectly circular, with a slight irregularity at the 11-12 o'clock position. This is a defect as it deviates from the expected circular shape.

3. Surface Cracks or Pitting: There are small cracks or pitting on the cast face, particularly at the 1-2 o'clock position. This is a defect as it indicates material loss or imperfections in the surface.

Based on these visible defects, I would recommend rejecting this part. The burrs, irregular outer profile, and surface cracks or pitting are all indicative of casting defects that could potentially affect the performance and longevity of the impeller. It is important to ensure that all parts meet the required standards for quality and safety."
L2_llama_full_bundle,205,Decision Support Query,analyze_image,12064.78,,"Based on the visible features in the top-view image of the cast submersible pump impeller, the following observations can be made:

1. The dark area in the center is a normal THROUGH-HOLE BORE, which is not a defect. It is not overheating, not a void, not corrosion, not wear, and not material loss.

2. Concentric circular machining marks on the flat ring are normal post-processing artifacts, not cracks or scratches.

3. The outer rim (perimeter) appears to be free of burrs, flash, chipping, material loss, irregular outer profile, surface cracks, or pitting. There are no visible defects in the clock positions or compass directions that would indicate these issues.

Based on the visible features, the part appears to be in good condition and does not exhibit any visible defects. Therefore, it would be recommended to accept the part."
L2_llama_full_bundle,1,Data Query,analyze_image,2602.98,,"There are four distinct power transformer units visible across the four panels (TL, TR, BL, BR) of this image."
L2_llama_full_bundle,6,Anomaly Detection Query,analyze_image,15591.03,,"In the image provided, we can observe the following visible signs of weathering, aging, or wear:

1. Rust streaks: There are visible rust streaks on the metal components of the transformer and substation equipment in the top left panel. These streaks are located on the left side of the equipment, extending from the bottom to the top.

2. Faded paint: The paint on the metal components in the top right panel appears to be faded, indicating exposure to the elements over time. This is most noticeable on the right side of the equipment, where the paint is lighter in color.

3. Dirt accumulation: There is a layer of dirt visible on the bottom right panel, particularly on the right side of the equipment. This dirt accumulation suggests that the equipment has not been cleaned or maintained for some time.

4. No visible signs of wear or damage: The bottom left panel shows no visible signs of wear or damage, such as oil leaks, corona discharge marks, bushing damage, thermal hotspots, corrosion, or cracked insulators.

Based on these observations, the top right panel appears to show the most aged equipment due to the faded paint and the presence of rust streaks."
L2_llama_full_bundle,9,Knowledge Query,analyze_image,9807.8,,"The lighting conditions in the image vary across the four panels:

1. Top left: The lighting appears to be daylight with a clear sky, as there are no visible shadows or overcast conditions.
2. Top right: The lighting is similar to the top left, suggesting it is also daylight with a clear sky.
3. Bottom left: The lighting is overcast, with a cloudy sky, which creates a more diffuse and less harsh illumination.
4. Bottom right: The lighting is not clearly visible, but it seems to be a mix of daylight and shadows, possibly indicating either dawn or dusk when the sun is low in the sky.

Please note that the lighting conditions are subjective and based on the visible features in the image."
L2_llama_full_bundle,10,Decision Support,analyze_image,7297.7,,"Based on the visible features in the image, I would prioritize the top left panel for a maintenance walk-down today. The reason for this is that there appears to be a significant amount of oil leakage on the left side of the panel, which is a clear indication of a potential issue that requires immediate attention. Oil leaks can lead to electrical hazards and can cause the equipment to overheat, so it is crucial to address this issue first. The other panels do not show any obvious signs of anomalies that would require immediate attention."
L2_llama_full_bundle,14,Complex Query,analyze_image,14281.77,,"The image provided appears to be a regular RGB photograph rather than thermal or infrared imagery. There are no visible thermal hotspots or infrared cues that would indicate the equipment is operating at an elevated temperature.

From the visible features in the image, the transformer and substation equipment seem to be in good condition. There are no visible oil leaks, corona discharge marks, bushing damage, or cracked insulators. The insulators appear to be intact, and there is no visible corrosion or damage to the transformer or substation components.

The equipment is mounted on metal structures, and the surroundings include buildings and trees, suggesting an urban or industrial setting. The sky is overcast, which might indicate that the equipment is not currently in operation or that the photo was taken during a period of low activity.

In summary, the equipment appears to be in good condition based on the visible features in the image, and there are no indications of thermal or infrared imagery. The operational state of the equipment is not clearly discernible from the image alone, but the absence of visible defects suggests it is likely in a functional state."
L2_llama_full_bundle,20,Prediction,analyze_image,6119.62,,"Based on the visual inspection of the transformer/substation equipment across the four panels, there are no visible anomalies such as oil leaks, corona discharge marks, bushing damage, thermal hotspots, corrosion, or cracked insulators. The equipment appears to be in good condition and does not show any signs of immediate maintenance requirements. Therefore, it is likely that the equipment does not require maintenance within the next six months."
L2_llama_full_bundle,301,Anomaly Detection Query,analyze_image,3779.16,,"No, there is no visible damage, erosion, or surface defect on this wind turbine blade. The surface appears smooth and uniform, with no cracks, peeling layers, or other signs of damage."
L2_llama_full_bundle,302,Anomaly Detection Query,analyze_image,7499.56,,"Yes, there is visible damage on the wind turbine blade. The leading edge of the blade appears to be eroded, with a rough texture and uneven surface. There are also surface cracks visible, particularly on the upper part of the blade, extending from the center towards the edge. The gelcoat is not uniformly smooth, and there are areas where it seems to be peeling or delaminating. The damage is most noticeable on the upper part of the blade, with the leading edge showing the most severe erosion."
L2_llama_full_bundle,303,Inference Query,analyze_image,4805.71,,"The surface of the wind turbine blade appears to be in good condition with no visible cracks, erosion, or surface damage. The gelcoat is uniform and there are no signs of coating loss or peeling layers. The blade's surface is smooth and continuous, with no noticeable defects or irregularities."
L2_llama_full_bundle,304,Inference Query,analyze_image,4132.94,,"The visible damage on this wind turbine blade is located on the surface center, specifically at the 12 o'clock position. The damage appears as a crack or peeling layer, which is indicative of gelcoat delamination."
L2_llama_full_bundle,305,Decision Support Query,analyze_image,5560.5,,"Based on the visible features in the image, the overall structural condition of the wind turbine blade appears to be fair. The gelcoat is not uniformly smooth, and there are some areas where the color and texture are not consistent, which could indicate potential damage or wear. However, there are no visible cracks or peeling layers that would suggest a poor condition."
L2_llama_full_bundle,503,Condition Assessment,analyze_image,12056.99,,"Based on the thermal image provided, the overall condition of the induction motor appears to be degraded. The motor is emitting a significant amount of heat, which is indicated by the bright orange and red areas in the image. These hot spots suggest that the motor is operating at a higher temperature than it should be, which can lead to reduced efficiency, increased wear and tear, and a higher risk of failure.

The heat distribution is not uniform, with the hottest areas concentrated on the right side of the motor, which could indicate a problem with the cooling system or a mechanical issue. The cooler areas on the left side suggest that the motor is not uniformly heated, which could be a sign of a problem with the windings or the cooling system.

The presence of hot spots and uneven heat distribution are indicative of a motor that is not operating optimally and is likely in need of maintenance or repair. Therefore, I would rate the overall condition of this induction motor as degraded."
L2_llama_full_bundle,507,Custom,analyze_image,9994.94,,"Based on the image provided, the industrial equipment appears to be an induction motor. The motor is shown in a side view, and the image is taken from a perspective that allows us to see the side of the motor housing and part of the rotor.

There are no visible signs of a fault or thermal anomalies in the image. The motor appears to be intact with no visible damage or unusual features that would indicate a fault. The coloration in the image is likely due to the lighting conditions and does not provide any specific information about the motor's operation or condition. The motor's housing and rotor are not visibly deformed or discolored, which would be indicative of overheating or other thermal issues. The image does not provide enough detail to assess the motor's operation or condition accurately."
L2_llama_full_bundle,509,Custom,analyze_image,4624.85,,"Based on the thermal image provided, the temperature distribution across the motor appears to be relatively uniform, with no obvious hotspots. The motor is predominantly purple, indicating a consistent temperature across its surface. There are no areas that stand out as significantly hotter or cooler than the rest, suggesting that the motor is operating within a normal temperature range."
L2_llama_full_bundle,510,Custom,analyze_image,5914.09,,"In the thermal image provided, the temperature distribution across the motor appears to be non-uniform. There are hotspots visible, particularly on the right side of the motor, which is at approximately the 3 o'clock position. The temperature in this area is significantly higher than the rest of the motor, indicating a potential issue with cooling or a malfunctioning component. The rest of the motor shows a more uniform temperature distribution, suggesting that the hotspots are localized to the right side."
L2_llama_full_bundle,515,Custom,analyze_image,9193.99,,"Based on the image provided, it is not possible to definitively determine the source of a fault in the motor. The image is a thermal image with a color scale indicating temperature, but it does not provide information about the specific components of the motor or their functionality. The colors in the image represent different temperatures, but without a clear reference to the normal operating temperature of the motor, it is not possible to identify a fault.

To diagnose a fault in a motor, one would typically look for signs of overheating, unusual noises, or physical damage. These are not visible in the image provided. To determine the source of a fault, one would need to perform a physical inspection, use diagnostic tools, or consult the motor's technical specifications and maintenance guidelines."
L2_llama_full_bundle,517,Custom,analyze_image,8693.46,,"Based on the thermal image provided, the motor appears to be operating within normal temperature ranges. There are no visible hotspots or areas of significantly elevated temperature that would indicate a potential issue. The motor's casing and the surrounding area are uniformly colored, suggesting consistent heat distribution.

Given the absence of any visible signs of overheating or unusual thermal activity, it would be reasonable to continue operating the motor. However, it is important to note that thermal imaging is a snapshot in time, and it is always advisable to monitor the equipment's performance over time to ensure that it remains within safe operating parameters. Scheduled maintenance should still be performed as part of regular equipment upkeep to prevent potential issues."
